P676_A_fluo,Temperature(¡C),1,2,3,4,5,6,7,8,9,10,11,12,,P676_A_abs,Temperature(¡C),1,2,3,4,5,6,7,8,9,10,11,12,,1,2,3,4,5,6,7,8,9,10,11,12
,22.9,19689.871,21122.162,20138.814,20353.463,20229.223,20168.037,21479.299,21005.523,21303.512,21921.363,22252.658,21659.477,,,23,0.969,1.0098,0.9743,0.9712,0.9826,0.9796,1.0204,0.9967,1.0164,1.0579,1.0741,1.0788,,0.2123,0.2236,0.2315,0.2263,0.2385,0.2399,0.2341,0.2304,0.236,0.2396,0.2429,0.2514
,,21271.654,20844.912,21300.543,5653.174,5695.187,5634.25,20114.598,20451.654,20862.721,20976.662,21247.842,20645.072,,,,0.9938,0.9491,0.9621,0.7525,0.7599,0.7521,0.94,0.949,0.9433,0.9437,0.961,0.9685,,0.2092,0.2159,0.2231,0.5367,0.5395,0.5328,0.251,0.2501,0.2368,0.2387,0.2305,0.2345
,,21126.262,21712.104,20836.273,3482.403,3728.797,3517.844,20798.389,21505.314,21118.229,22327.416,22469.66,22857.158,,,,0.9853,0.9654,0.9654,0.7637,0.7805,0.7807,1.0268,1.0393,1.0102,1.0377,1.0485,1.0645,,0.2135,0.2195,0.2486,0.6201,0.6352,0.6365,0.2964,0.2829,0.2809,0.2655,0.2637,0.2499
,,21346.205,21018.711,20314.145,6683.325,6871.211,6689.877,14961.379,18759.869,19649.271,22323.908,21994.395,21979.027,,,,1.0025,0.9926,0.998,0.7891,0.7977,0.7978,0.9836,1.0093,1.0239,1.0158,1.0117,1.0432,,0.2262,0.2524,0.2776,0.5576,0.567,0.5642,0.3803,0.3423,0.3245,0.2673,0.2616,0.2463
,,19609.781,18947.467,19607.959,7157.712,7449.513,7383.67,5001.666,6818.19,7682.646,21521.291,21957.426,22041.289,,,,0.9692,0.9367,0.9609,0.7423,0.764,0.7587,0.8284,0.8525,0.8482,1.0216,1.0069,1.0396,,0.2577,0.2825,0.2853,0.541,0.5524,0.537,0.6103,0.5709,0.5379,0.2709,0.263,0.2515
,,6495.682,5175.596,2874.241,6287.708,6467.762,6393.481,3650.003,2551.377,2535.813,18609.248,19340.746,19496.1,,,,0.7646,0.7328,0.7087,0.6537,0.6571,0.6499,0.7582,0.75,0.7572,1.0093,1.0132,1.042,,0.5223,0.5407,0.6123,0.5412,0.5456,0.538,0.607,0.6336,0.631,0.3107,0.3038,0.289
,,3232.435,2615.784,6004.875,5810.314,5705.542,5725.5,6583.845,2470.803,2415.132,2059.99,2102.788,2174.567,,,,0.6341,0.6247,0.6583,0.506,0.513,0.5132,0.7557,0.7056,0.7035,0.7046,0.7091,0.7219,,0.5394,0.5657,0.5024,0.4862,0.4863,0.4816,0.4815,0.5527,0.5498,0.5683,0.5711,0.5664
,,3276.276,3197.797,4001.502,4688.523,4773.027,4733.421,6665.375,4608.334,2567.69,1815.35,1823.803,1888.198,,,,0.55,0.5794,0.557,0.4462,0.4461,0.4334,0.7648,0.7152,0.7073,0.7424,0.7474,0.7331,,0.5399,0.5853,0.5462,0.5177,0.5166,0.5,0.4937,0.5136,0.5526,0.5944,0.5869,0.5776
,,,,,,,,,,,,,,,,,,,,,,,,,,,,,,,,,,,,,,,,,
P676cse_A_fluo,Temperature(¡C),1,2,3,4,5,6,7,8,9,10,11,12,,P676cse_A_abs,Temperature(¡C),1,2,3,4,5,6,7,8,9,10,11,12,,1,2,3,4,5,6,7,8,9,10,11,12
,23,19902.281,20451.123,19811.846,20258.477,19934.91,19481.021,20172.869,20482.566,20842.25,20678.045,20841.465,20856.734,,,23,0.9,0.9916,0.9929,1.0024,1.0012,0.9881,0.984,0.9971,1.0375,1.0616,1.0517,1.0588,,0.1965,0.2278,0.237,0.2312,0.2463,0.2476,0.2394,0.2368,0.2524,0.2631,0.2589,0.2484
,,21399.406,21417.24,21253.252,5340.99,5409.161,5391.077,20951.676,20514.563,21074.922,21267.754,20625.9,21467.248,,,,0.9582,0.9506,0.9554,0.7534,0.7572,0.7534,0.9436,0.9372,0.9497,0.9714,0.9461,0.9916,,0.2057,0.209,0.2251,0.5344,0.5404,0.5312,0.2329,0.2339,0.2275,0.2359,0.2382,0.2204
,,21888.303,22483.375,21880.6,2679.376,3022.092,2770.712,21859.029,22394.387,22503.215,22046.676,21888.826,22288.312,,,,0.979,0.9691,0.9849,0.7807,0.7814,0.7588,1.0286,1.0349,1.0353,1.0349,1.0036,1.0499,,0.2086,0.2096,0.2287,0.6498,0.6471,0.6238,0.269,0.256,0.2547,0.2639,0.2574,0.2434
,,22289.16,22511.713,21483.051,6658.397,6826.513,6776.627,20134.611,19521.678,19800.688,21421.906,21934.709,22159.596,,,,0.9939,0.9719,0.9879,0.7989,0.8104,0.8047,1.0313,1.0367,1.0384,1.0243,1.0126,1.0569,,0.2093,0.2186,0.2515,0.5554,0.5687,0.5633,0.3117,0.334,0.3138,0.2832,0.2595,0.2556
,,22124.697,22107.896,21450.463,7142.631,7367.09,7299.407,4229.519,5320.338,6010.485,22297.301,22409.25,22517.182,,,,0.9834,0.9658,0.9848,0.7336,0.7597,0.7598,0.8072,0.8408,0.8293,1.0022,1.0035,1.0475,,0.2081,0.2174,0.2452,0.5228,0.5429,0.5329,0.6192,0.6051,0.5696,0.2457,0.2482,0.2318
,,13931.542,10783.665,2977.069,6350.441,6454.971,6338.011,3791.313,2511.35,2571.431,21047.482,21300.902,22223.008,,,,0.8858,0.8206,0.7055,0.6576,0.6677,0.6548,0.7693,0.7752,0.7757,1.0218,1.0252,1.1096,,0.3435,0.4219,0.6032,0.5417,0.5512,0.5386,0.6029,0.6424,0.6386,0.2558,0.2516,0.2454
,,5046.752,2861.121,5992.529,5575.075,5586.395,5668.169,6790.305,2796.296,2459.435,2125.76,2114.444,2125.459,,,,0.6603,0.6166,0.6564,0.5047,0.5088,0.512,0.7582,0.7074,0.7133,0.7254,0.7179,0.7258,,0.5051,0.5535,0.499,0.4897,0.4855,0.4849,0.4844,0.5481,0.5443,0.5678,0.57,0.5623
,,3416.569,3419.87,3934.373,2878.918,4731.09,4466.396,6805.047,4778.794,2566.804,1775.522,1767.416,1827.68,,,,0.5612,0.544,0.5366,0.3715,0.4351,0.463,0.7836,0.7293,0.7194,0.7356,0.7322,0.7385,,0.541,0.5359,0.5233,0.4654,0.5045,0.5447,0.4891,0.5076,0.5579,0.5763,0.5718,0.5697
,,,,,,,,,,,,,,,,,,,,,,,,,,,,,,,,,,,,,,,,,
P679_A_fluo,Temperature(¡C),1,2,3,4,5,6,7,8,9,10,11,12,,P679_A_abs,Temperature(¡C),1,2,3,4,5,6,7,8,9,10,11,12,,1,2,3,4,5,6,7,8,9,10,11,12
,22.9,13117.848,12394.167,12448.233,11967.624,12261.362,12450.032,12673.095,11724.718,12018.823,11775.508,11805.13,11920.073,,,22.9,0.9561,0.947,0.9586,0.9493,0.9622,0.944,0.9628,0.9248,0.9607,0.9523,0.9522,0.9634,,0.3462,0.3689,0.3677,0.3778,0.3801,0.366,0.3779,0.3846,0.3977,0.4045,0.4021,0.3974
,,14384.561,13680.385,14052.237,5744.45,5891.868,5823.939,12929.859,12510.145,12558.293,12087.336,12026.896,12519.886,,,,0.9843,0.9405,0.9498,0.7876,0.8162,0.8008,0.9419,0.9071,0.9231,0.9346,0.9216,0.9241,,0.3302,0.3403,0.3461,0.5491,0.5815,0.5666,0.3923,0.3792,0.3868,0.4076,0.3956,0.3714
,,14386.995,13602.906,14002.859,3526.027,3787.961,3485.812,13415.314,13558.489,12874.029,11954.537,12280.407,13097.67,,,,0.9771,0.9361,0.9731,0.7831,0.8007,0.7915,0.9882,0.9947,0.9754,0.9292,0.9398,0.9909,,0.3259,0.3492,0.3648,0.6146,0.6293,0.6261,0.41,0.4038,0.4164,0.4178,0.4136,0.3999
,,13934.154,14116.152,14180.131,6645.161,6804.747,6745.251,12491.026,12954.605,12708.885,12247.376,12331.824,13295.305,,,,0.9514,0.9371,0.9639,0.7979,0.8072,0.8061,0.9721,0.9776,0.9672,0.961,0.9395,1.0229,,0.3314,0.3388,0.3514,0.5475,0.5558,0.557,0.4154,0.4126,0.4232,0.4344,0.419,0.423
,,12781.78,12300.322,11679.331,7106.892,7187.958,7120.22,6233.511,7358.254,8279.708,13720.547,14027.885,14649.161,,,,0.9229,0.8965,0.9186,0.759,0.7702,0.7679,0.8535,0.8852,0.8889,0.9685,0.9727,1.034,,0.3676,0.3807,0.4176,0.5312,0.5479,0.536,0.5631,0.5503,0.5231,0.3823,0.379,0.3703
,,4795.713,3445.488,3489.794,6360.022,6357.189,6262.038,3633.872,2332.651,2313.682,7685.199,5019.19,8371.815,,,,0.7663,0.7247,0.7314,0.6689,0.6751,0.6627,0.7842,0.7926,0.7769,0.8881,0.8365,0.9356,,0.5577,0.5745,0.5983,0.5361,0.5507,0.5398,0.6019,0.655,0.6367,0.5341,0.5908,0.5363
,,2796.338,2886.57,6342.226,5528.223,5596.195,5620.707,6517.43,2444.046,2315.277,1941.136,1969.286,2011.437,,,,0.6458,0.6263,0.6712,0.5026,0.5125,0.5045,0.7628,0.7109,0.7079,0.7304,0.723,0.7354,,0.5499,0.5521,0.4852,0.4851,0.4879,0.4776,0.4763,0.543,0.5402,0.5688,0.5617,0.5573
,,3173.05,3150.564,5003.856,4107.952,3296.701,4611.097,6555.892,4559.277,2336.154,1610.828,1639.408,1713.311,,,,0.5977,0.5447,0.584,0.4188,0.3869,0.4343,0.7861,0.7408,0.7251,0.7562,0.7648,0.7704,,0.5957,0.5373,0.5401,0.4958,0.4778,0.5063,0.4911,0.5097,0.5462,0.5837,0.577,0.573
,,,,,,,,,,,,,,,,,,,,,,,,,,,,,,,,,,,,,,,,,
P679cse_A_fluo,Temperature(¡C),1,2,3,4,5,6,7,8,9,10,11,12,,P679cse_A_abs,Temperature(¡C),1,2,3,4,5,6,7,8,9,10,11,12,,1,2,3,4,5,6,7,8,9,10,11,12
,22.9,13424.286,13060.58,13242.504,12966.33,12991.033,13085.668,13107.921,12304.765,12708.841,12700.596,12657.825,13381.511,,,22.9,0.9616,0.9576,0.9601,0.9563,0.9701,0.963,0.973,0.9523,0.9925,0.9921,0.9869,1.0036,,0.3266,0.3472,0.3415,0.3475,0.3663,0.352,0.3658,0.3734,0.388,0.3883,0.3865,0.3613
,,17590.838,14957.791,15098.594,5408.039,5492.92,5416.334,13711.484,13100.175,13170.635,12385.562,12724.827,13073.996,,,,1.0362,0.9845,0.975,0.7872,0.7963,0.814,0.9449,0.9277,0.9252,0.9156,0.9489,0.9325,,0.2982,0.3098,0.3181,0.5508,0.5578,0.5715,0.3578,0.363,0.3573,0.372,0.3826,0.3367
,,17729.521,15851.216,18252.869,2794.39,3028.573,2881.885,13947.362,13891.887,13941.089,13405.94,13267.496,13168.371,,,,1.0458,0.9937,1.0312,0.7725,0.7815,0.7886,0.9734,0.997,0.9868,0.9867,0.9818,1.0076,,0.2988,0.3016,0.3089,0.6304,0.64,0.6416,0.3611,0.395,0.3921,0.4034,0.4108,0.4026
,,18874.305,19266.908,18487.123,6541.152,6580.113,6567.996,14716.921,14638.49,14603.947,12744.564,12695.727,13895.223,,,,1.0263,1,1.0329,0.8086,0.8064,0.8138,1.0288,1.0139,1.0086,0.9701,0.962,1.0183,,0.2687,0.2695,0.3028,0.5561,0.5628,0.5581,0.363,0.3472,0.3487,0.4211,0.4135,0.3976
,,15069.531,14780.978,13898.128,7040.499,7208.935,7115.531,6763.102,7151.895,8781.446,13915.827,13894.41,14633.729,,,,0.97,0.9498,0.9635,0.7692,0.7911,0.7838,0.8868,0.8984,0.9205,0.978,0.9818,1.0371,,0.3027,0.3162,0.3639,0.5356,0.5411,0.5348,0.5493,0.558,0.51,0.3792,0.3823,0.3656
,,3505.585,2777.55,2443.478,6121.96,6059.624,6033.892,3267.097,2048.31,2061.747,9512.514,7440.198,10852.728,,,,0.7314,0.7159,0.6909,0.6169,0.6356,0.6201,0.7559,0.7355,0.7389,0.862,0.8403,0.9242,,0.5433,0.5617,0.5616,0.4835,0.5028,0.4885,0.5598,0.5726,0.5717,0.4057,0.466,0.3866
,,2578.315,2421.615,5687.281,5628.348,5690.014,5682.017,6442.19,2459.598,2243.934,1848.065,1923.652,1984.871,,,,0.7114,0.6436,0.6845,0.516,0.5149,0.5105,0.7694,0.7233,0.7371,0.7539,0.7434,0.7594,,0.6051,0.5633,0.5016,0.4864,0.4829,0.4755,0.475,0.5432,0.5505,0.5769,0.5656,0.5646
,,3229.949,3135.718,3722.691,4589.034,3122.666,4707.094,6479.911,4740.353,2380.866,1556.072,1605.402,1721.595,,,,0.571,0.5631,0.5545,0.4591,0.307,0.4388,0.804,0.7626,0.7677,0.7882,0.7716,0.7973,,0.5419,0.5477,0.5362,0.5373,0.3722,0.5076,0.5059,0.5203,0.5824,0.5911,0.5819,0.6196
,,,,,,,,,,,,,,,,,,,,,,,,,,,,,,,,,,,,,,,,,
ASC390_A_fluo,Temperature(¡C),1,2,3,4,5,6,7,8,9,10,11,12,,ASC390_A_abs,Temperature(¡C),1,2,3,4,5,6,7,8,9,10,11,12,,1,2,3,4,5,6,7,8,9,10,11,12
,22.8,20445.865,20922.975,19971.973,20380.295,20003.332,19872.422,20486.188,19519.373,19259.592,20224.033,19250.998,19416.758,,,22.8,1.0386,1.0319,1.0485,1.0479,1.0467,1.0341,1.064,1.0422,1.0447,1.0467,1.0427,1.057,,0.2204,0.2215,0.2384,0.2299,0.2465,0.2518,0.2535,0.2567,0.2532,0.2355,0.2606,0.2441
,,21309.309,21523.32,21804.139,5764.468,5820.521,5732.136,20841.326,20589.711,20885.848,18524.502,13046.111,12575.608,,,,1.0636,1.0148,1.0416,0.8032,0.812,0.8412,1.0123,1.0525,1.021,1.0406,1.0009,1.0009,,0.2184,0.2122,0.2249,0.54,0.5426,0.5412,0.2469,0.2738,0.235,0.3182,0.4153,0.41
,,21380.748,21700.219,21522.1,3416.224,3839.118,3808.289,22666.559,22727.256,21457.297,19969.025,13865.792,13529.27,,,,1.0583,1.0551,1.0669,0.8041,0.8178,0.8277,1.1046,1.1097,1.0684,1.0583,1.0073,1.0233,,0.2148,0.2391,0.2516,0.6341,0.6329,0.6463,0.2692,0.2655,0.2695,0.314,0.395,0.393
,,21355.213,21349.574,21465.107,6451.981,6677.884,6686.963,15004.909,16130.655,15733.338,20877.943,20849.229,20903.273,,,,1.0801,1.0307,1.064,0.8197,0.8205,0.8037,1.009,1.0358,1.063,1.0414,1.0506,1.0888,,0.2193,0.2325,0.2524,0.5527,0.5587,0.5572,0.3302,0.3355,0.3709,0.2777,0.2704,0.2589
,,20685.174,20203.348,20897.766,7033.156,7178.87,7073.024,4652.442,5844.399,6860.659,21368.041,21243.443,20464.75,,,,1.037,1.0008,1.0577,0.7928,0.8053,0.805,0.85,0.8668,0.8703,1.0521,1.0623,1.1142,,0.2255,0.2475,0.2918,0.5499,0.5642,0.5484,0.6093,0.5866,0.5583,0.2675,0.2624,0.2834
,,4884.568,3915.523,3056.492,6136.806,6195.777,6161.218,3574.405,2334.02,2257.805,15417.519,15135.848,15769.801,,,,0.7639,0.7262,0.6863,0.6307,0.6238,0.6268,0.7552,0.7349,0.749,0.9521,0.9894,0.9984,,0.527,0.5427,0.5542,0.4965,0.485,0.4834,0.5516,0.5586,0.5811,0.2753,0.2967,0.2553
,,2784.248,2532.624,6026.3,5476.21,5525.019,5624.255,6579.025,2774.862,2297.945,2032.073,2028.332,2207.343,,,,0.656,0.6512,0.7122,0.5489,0.568,0.5276,0.8124,0.7472,0.7407,0.7725,0.7648,0.7681,,0.5449,0.571,0.5263,0.5355,0.5494,0.4971,0.5174,0.5702,0.5603,0.6005,0.5803,0.5759
,,3282.682,3268.478,4224.051,4793.134,3548.815,3445.855,6539.631,4911.264,2370.052,1665.964,1712.499,1794.716,,,,0.5665,0.5622,0.5527,0.4335,0.4096,0.3916,0.8042,0.776,0.7596,0.7893,0.7948,0.8087,,0.5409,0.5454,0.5145,0.4997,0.5038,0.4816,0.4962,0.5139,0.5551,0.5932,0.5876,0.5901
,,,,,,,,,,,,,,,,,,,,,,,,,,,,,,,,,,,,,,,,,
ASC390cse_A_fluo,Temperature(¡C),1,2,3,4,5,6,7,8,9,10,11,12,,ASC390cse_A_abs,Temperature(¡C),1,2,3,4,5,6,7,8,9,10,11,12,,1,2,3,4,5,6,7,8,9,10,11,12
,22.7,15655.835,15534.826,15798.605,15281.391,15244.841,15252.703,14523.963,14542.297,14628.809,14321.334,14999.836,14566.271,,,22.8,1.0216,1.013,1.0211,1.0164,1.0118,0.9978,0.9933,0.9982,1.0282,1.0274,1.0297,1.0199,,0.262,0.2775,0.2736,0.2867,0.2969,0.296,0.3095,0.3088,0.3159,0.3269,0.3069,0.2964
,,19392.613,18870.664,19515.055,5822.666,5880.138,5792.63,16265.034,15940.798,18969.908,15730.821,15378.836,16232.538,,,,1.0892,1.0217,1.0339,0.8331,0.8259,0.8232,1.0146,1.0086,1.062,1.0351,1.0367,1.0984,,0.2436,0.2565,0.2641,0.5695,0.5572,0.5496,0.3036,0.301,0.3126,0.326,0.3336,0.3211
,,19929.242,19104.35,20240.789,3718.176,3853.842,3689.532,19804.445,19743.098,19136.596,15893.281,15744,15641.393,,,,1.0749,1.0139,1.0297,0.8026,0.8183,0.8062,1.0301,1.0396,1.0548,1.0524,1.0492,1.081,,0.2436,0.2637,0.265,0.6141,0.6293,0.618,0.2988,0.3012,0.3165,0.35,0.3382,0.3264
,,19550.947,19386.203,19868.174,6584.667,6702.124,6642.255,16005.217,15721.009,18400.994,15556.46,15777.194,15595.809,,,,1.0563,1.0246,1.0136,0.8037,0.8175,0.8255,1.0395,1.0352,1.0372,1.0129,1.0366,1.0725,,0.2396,0.2565,0.2676,0.5324,0.5433,0.5458,0.3352,0.3501,0.3292,0.3406,0.3219,0.3195
,,18225.131,15718.066,18639.461,7004.277,7155.401,7195.241,5171.253,6330.515,7616.648,19245.674,19084.363,19210.441,,,,1.0201,0.9902,0.995,0.7738,0.7843,0.7911,0.8543,0.8982,0.9,1.0269,1.0444,1.1084,,0.2669,0.2912,0.2888,0.524,0.5336,0.5283,0.5858,0.5793,0.5326,0.3031,0.2951,0.296
,,4769.268,2917.322,3474.876,6362.901,6564.63,6802.379,3538.252,2222.786,2063.067,15958.853,18731.471,19522.756,,,,0.7615,0.7166,0.6942,0.6488,0.6656,0.6773,0.7619,0.74,0.744,0.9602,1.0172,1.0815,,0.5156,0.5531,0.5406,0.4843,0.4875,0.4832,0.5503,0.5607,0.5627,0.2705,0.2601,0.2493
,,2831.906,2804.889,6183.633,5463.088,5611.995,5446.396,6662.644,2827.508,2331.102,1908.627,1903.47,2008.279,,,,0.6723,0.644,0.687,0.5925,0.5302,0.5798,0.8202,0.7526,0.7794,0.7888,0.7612,0.7825,,0.5545,0.5444,0.49,0.5823,0.4954,0.5529,0.5105,0.5603,0.5955,0.6051,0.5715,0.5701
,,3263.268,3113.7,4921.398,4569.664,2090.026,1318.266,6777.141,5436.425,2471.568,1653.678,1611.088,1727.191,,,,0.6222,0.5932,0.5865,0.436,0.3098,0.1436,0.8584,0.7979,0.7718,0.8171,0.804,0.8362,,0.6167,0.5852,0.5269,0.5086,0.3965,0.1804,0.5385,0.5207,0.5632,0.6216,0.6026,0.6298
,,,,,,,,,,,,,,,,,,,,,,,,,,,,,,,,,,,,,,,,,
ASC397_A_fluo,Temperature(¡C),1,2,3,4,5,6,7,8,9,10,11,12,,ASC397_A_abs,Temperature(¡C),1,2,3,4,5,6,7,8,9,10,11,12,,1,2,3,4,5,6,7,8,9,10,11,12
,22.3,18603.84,19014.719,18616.064,16395.658,19155.016,19588.09,20306.172,20030.965,20007.211,20672.062,20877.307,20459.922,,,22.3,1.0517,1.048,1.064,1.0387,1.044,1.0418,1.0458,1.0535,1.0444,1.0956,1.0851,1.1004,,0.2287,0.2364,0.2519,0.242,0.2448,0.2343,0.2284,0.2303,0.2271,0.2346,0.2319,0.2287
,,19199.441,19332.154,19639.266,5636.115,5739.22,5740.222,20395.113,20716.414,21516.051,21330.742,21389.469,21078.252,,,,1.0771,1.0245,1.0614,0.8381,0.8341,0.8125,1.0258,1.0391,1.0964,1.0601,1.0505,1.0802,,0.2343,0.2262,0.2523,0.5376,0.5522,0.5272,0.2456,0.2407,0.2479,0.2433,0.2356,0.2327
,,19465.963,20088.555,19649.955,3389.487,3893.648,3727.406,20903.895,21184.656,21616.754,21904.232,21930.859,21468.125,,,,1.1044,1.0672,1.084,0.817,0.834,0.8311,1.0856,1.0988,1.1206,1.0976,1.0626,1.1114,,0.2437,0.2796,0.2745,0.6193,0.6263,0.6243,0.2667,0.2641,0.2616,0.2693,0.248,0.2444
,,18159.113,18106.51,18510.693,6507.633,6765.409,6749.72,14266.521,13374.032,18375.633,22407.029,22261.926,22055.561,,,,1.0409,1.0391,1.0276,0.8093,0.8006,0.8152,0.9808,0.9904,1.0926,1.0519,1.0608,1.1015,,0.264,0.2894,0.2765,0.538,0.5443,0.5455,0.3523,0.3936,0.3384,0.2369,0.2308,0.2243
,,12644.928,12241.696,12606.492,7063.066,7092.62,7149.759,4038.973,6020.895,11714.136,21318.068,21027.641,22082.328,,,,0.9637,0.949,0.9463,0.7563,0.7938,0.7665,0.8472,0.8661,0.9686,1.0499,1.0425,1.1304,,0.3458,0.3654,0.3582,0.5136,0.5327,0.5237,0.6059,0.5687,0.4316,0.254,0.25,0.2455
,,4380.051,3515.921,2983.931,6128.421,6161.257,6214.748,3870.836,2192.685,2008.119,12872.175,13082.927,14277.19,,,,0.7696,0.7514,0.7141,0.6201,0.6265,0.6247,0.7732,0.7857,0.7619,0.9616,0.948,0.9936,,0.5314,0.5494,0.5449,0.4793,0.4884,0.4856,0.5497,0.5681,0.5679,0.3326,0.321,0.276
,,3077.769,2687.374,5790.483,5639.217,5726.871,5767.763,6561.318,2794.46,2439.538,2079.924,2110.803,2051.527,,,,0.6848,0.6588,0.7,0.5528,0.5858,0.5476,0.8117,0.7676,0.7812,0.7956,0.7822,0.7885,,0.5535,0.5507,0.5043,0.5301,0.5522,0.5054,0.4973,0.5688,0.5789,0.5971,0.5861,0.5754
,,3416.704,3381.969,3991.103,4862.065,4935.437,4182.421,6596.323,5009.959,2538.631,1698.766,1748.842,1687.795,,,,0.6164,0.5897,0.5841,0.4382,0.4472,0.4342,0.8251,0.8082,0.8039,0.8213,0.821,0.8211,,0.583,0.568,0.5487,0.5036,0.5148,0.5211,0.5042,0.5356,0.5871,0.597,0.6043,0.5945
,,,,,,,,,,,,,,,,,,,,,,,,,,,,,,,,,,,,,,,,,
ASC397cse_A_fluo,Temperature(¡C),1,2,3,4,5,6,7,8,9,10,11,12,,ASC397cse_A_abs,Temperature(¡C),1,2,3,4,5,6,7,8,9,10,11,12,,1,2,3,4,5,6,7,8,9,10,11,12
,22.3,20152.322,20621.18,20721.875,20761.879,20658.402,20854.744,21258.027,20792.574,20747.156,20443.219,20367.951,20184.396,,,22.3,1.0058,0.9987,0.9984,1.0033,0.992,0.9721,0.9805,0.986,1.0103,1.0161,1.0238,1.0807,,0.2126,0.2131,0.2125,0.2145,0.2204,0.2096,0.211,0.2113,0.2199,0.2178,0.2188,0.2262
,,21004.496,21085.596,21793.916,5623.531,5634.126,5593.395,21938.523,22312.367,22598.557,22536.131,22432.855,22090.27,,,,1.0383,0.9698,1.0028,0.8425,0.8889,0.8976,1.0079,1.0125,1.0436,1.0389,1.0812,1.0952,,0.2141,0.2097,0.2189,0.5611,0.6116,0.5962,0.2267,0.2137,0.22,0.2235,0.2274,0.2222
,,21243.102,21337.867,22608.52,2944.318,3321.921,3088.104,23124.1,23048.338,23070.711,23271.963,22569.994,21881.553,,,,1.0272,0.9844,0.9697,0.7743,0.7826,0.7902,1.0037,1.0219,1.029,1.0278,1.045,1.0953,,0.2158,0.2255,0.2153,0.6324,0.6311,0.6369,0.2319,0.2514,0.2404,0.2367,0.2361,0.2312
,,20985.406,21308.158,22128.322,6576.672,6630.463,6693.088,22358.721,22483.939,22326.711,23064.447,21592.553,20714.738,,,,1.0377,1.0111,0.9797,0.7906,0.8034,0.8032,1.0289,1.0191,1.001,1.0705,1.0624,1.0597,,0.2172,0.237,0.2335,0.5408,0.5526,0.5506,0.237,0.2337,0.2297,0.2301,0.237,0.2254
,,20253.24,20001.488,21246.002,7325.314,7418.437,7318.072,5600.483,6829.292,8828.671,22264.041,21984.709,21574.244,,,,1.0292,0.9888,0.984,0.7525,0.769,0.7734,0.8422,0.8626,0.8882,0.9544,1.0385,1.1035,,0.2367,0.2409,0.2359,0.5142,0.5275,0.5278,0.5758,0.5482,0.4884,0.232,0.2424,0.242
,,6855.654,5968.376,2874.557,6366.551,6397.225,6341.197,3327.57,2200.228,2274.525,14908.379,15566.51,14991.884,,,,0.7937,0.7756,0.6736,0.6168,0.6191,0.6177,0.7635,0.7346,0.7145,0.9375,1.0028,1.0339,,0.4757,0.5009,0.5482,0.48,0.4787,0.4799,0.5581,0.5591,0.5549,0.2785,0.2703,0.2685
,,2830.792,2633.071,5815.023,5735.345,5789.105,5779.655,7165.126,2952.328,2528.412,2120.898,2039.192,2013.778,,,,0.6693,0.6814,0.7275,0.5344,0.5419,0.5391,0.8267,0.7438,0.7524,0.7826,0.7746,0.8053,,0.5555,0.595,0.5338,0.5012,0.5051,0.5002,0.483,0.5457,0.5723,0.5932,0.5674,0.5787
,,3164.442,3117.059,3787.002,3612.585,4556.847,2315.481,7025.301,5589.111,2502.608,1743.784,1668.635,1713.087,,,,0.6225,0.591,0.5872,0.4029,0.4367,0.3222,0.8434,0.798,0.7733,0.8309,0.8064,0.8239,,0.5945,0.5714,0.5543,0.4895,0.51,0.4046,0.5064,0.5097,0.5573,0.6358,0.5962,0.6073
,,,,,,,,,,,,,,,,,,,,,,,,,,,,,,,,,,,,,,,,,
P676_B_fluo,Temperature(¡C),1,2,3,4,5,6,7,8,9,10,11,12,,P676_B_abs,Temperature(¡C),1,2,3,4,5,6,7,8,9,10,11,12,,1,2,3,4,5,6,7,8,9,10,11,12
,22.4,18788.256,19578.072,19674.734,19578.838,20038.611,19205.186,19634.477,20136.668,20023.385,19543.404,19587.869,20032.496,,,22.5,0.9749,0.9592,0.9879,0.9687,0.9976,0.969,0.9751,0.9901,0.9927,0.9779,0.9822,1.0131,,0.2258,0.2271,0.2437,0.2372,0.2523,0.2501,0.2554,0.2515,0.2514,0.2572,0.2526,0.2441
,,19591.258,19936.209,19897.529,20534.75,20583.813,20042.35,16201.892,16614.916,18294.742,18342.883,18411.838,15391.614,,,,1.0178,0.9558,0.9658,0.9627,0.936,0.9296,0.906,0.9209,0.9042,0.9126,0.902,0.9082,,0.2413,0.2328,0.2393,0.2377,0.2287,0.2308,0.2631,0.2672,0.2651,0.2767,0.2578,0.2729
,,18955.354,17633.527,17727.666,19271.281,19018.76,19025.098,17506.939,18190.545,18002.791,15983.337,16135.466,16042.116,,,,0.9707,0.9414,0.9483,0.9401,0.9265,0.9318,0.8908,0.9261,0.8944,0.8863,0.8819,0.8901,,0.2329,0.2713,0.2709,0.2456,0.2402,0.2505,0.273,0.2841,0.2678,0.2785,0.2657,0.2463
,,17954.293,15300.166,18658.105,19715.52,20561.227,20125.59,15255.116,15274.079,14273.175,15498.896,15780.03,15820.937,,,,0.9978,0.9525,0.9535,0.9414,0.9597,0.9185,0.9158,0.9135,0.8753,0.8927,0.8881,0.916,,0.2882,0.2938,0.2851,0.2522,0.2535,0.2295,0.3297,0.3239,0.3172,0.295,0.2778,0.2793
,,14675.488,10516.149,12064.303,19733.443,21031.631,19682.043,8130.667,8302.831,8566.221,14502.749,14873.161,14386.754,,,,0.9483,0.8733,0.9058,0.9379,1.0099,0.9537,0.8013,0.816,0.8056,0.878,0.8862,0.8836,,0.2904,0.3986,0.3863,0.2556,0.2722,0.2531,0.4392,0.4579,0.4355,0.2965,0.2882,0.2853
,,9414.681,9715.033,9543.505,19399.117,18753.027,18717.875,4832.832,4783.371,4569.491,12745.026,12198.396,12090.515,,,,0.8714,0.8742,0.8474,0.9601,0.9371,0.9533,0.788,0.7813,0.7578,0.8462,0.8561,0.86,,0.4275,0.4437,0.4269,0.2547,0.2491,0.2605,0.5373,0.5364,0.5151,0.3485,0.3589,0.3411
,,6354.249,7059.285,7948.953,19107.898,19095.719,19127.17,4407.885,4221.617,3790.608,10521.239,9229.603,9876.454,,,,0.8041,0.8099,0.8221,0.9288,0.9079,0.935,0.7376,0.7486,0.7311,0.8336,0.8017,0.8186,,0.4825,0.4705,0.4477,0.2415,0.2312,0.2444,0.507,0.5311,0.5171,0.3927,0.406,0.3783
,,5953.579,5919.342,7164.408,15013.191,15611.555,15165.667,3713.148,3617.51,3526.673,9038.663,8660.533,10058.16,,,,0.8178,0.7862,0.7993,0.9172,0.936,0.925,0.746,0.7638,0.7425,0.8086,0.8282,0.8381,,0.5052,0.4843,0.4481,0.2707,0.2721,0.2739,0.5358,0.5677,0.542,0.4041,0.4474,0.3821
,,,,,,,,,,,,,,,,,,,,,,,,,,,,,,,,,,,,,,,,,
P676cse_B_fluo,Temperature(¡C),1,2,3,4,5,6,7,8,9,10,11,12,,P676cse_B_abs,Temperature(¡C),1,2,3,4,5,6,7,8,9,10,11,12,,1,2,3,4,5,6,7,8,9,10,11,12
,22.6,19471.607,19871.58,19007.143,19002.125,18915.119,18802.826,19157.881,18945.037,18727.119,18927.068,19095.209,19235.984,,,22.7,0.9789,0.9613,0.9738,0.9736,0.9642,0.9504,0.9635,0.9533,0.9341,0.9421,0.9425,0.9572,,0.2243,0.2203,0.248,0.2502,0.2484,0.2419,0.2486,0.2461,0.2414,0.2377,0.2317,0.2253
,,19893.053,20045.141,19060.438,20606.609,19912.834,20054.922,15801.923,16062.056,16274.843,19750.361,19898.844,20539.746,,,,0.9891,0.9491,0.9535,0.9477,0.9201,0.9267,0.9027,0.936,0.9375,0.933,0.9159,0.9183,,0.2223,0.2209,0.2439,0.221,0.2266,0.2302,0.2693,0.2652,0.255,0.2417,0.2243,0.2105
,,18737.664,18107.25,15425.051,20560.195,20177.965,20778.76,18894.658,19160.535,18778.418,19893.213,20535.131,19969.652,,,,0.9728,0.9635,0.9396,0.9423,0.9044,0.9359,0.8887,0.9505,0.9346,0.9535,0.9152,0.9514,,0.2449,0.2664,0.2993,0.2376,0.2271,0.2401,0.2429,0.2748,0.2733,0.2558,0.231,0.2322
,,15952.875,14224.964,13657.346,19644.041,20164.615,19131.678,18077.229,16250.341,18963.764,19893.457,20392.346,20553.822,,,,0.9902,0.9428,0.8983,0.9214,0.9372,0.911,0.9277,0.9227,0.9166,0.8894,0.8804,0.9013,,0.2695,0.3162,0.336,0.2348,0.2472,0.2382,0.2777,0.2807,0.2683,0.2371,0.2141,0.2043
,,12698.464,11296.675,10096.368,20250.41,19816.312,20143.623,10931.365,10997.021,9685.037,19092.949,18914.869,19698.178,,,,0.9259,0.8994,0.8633,0.9221,0.9234,0.945,0.8612,0.8789,0.8534,0.8852,0.9081,0.8782,,0.3487,0.3934,0.4311,0.2439,0.2513,0.2541,0.4048,0.4141,0.4342,0.2431,0.2548,0.2049
,,8865.432,7868.88,6709.105,20408.217,20209.062,20226.91,6890.031,6566.641,6487.286,13122.998,11040.067,14368.053,,,,0.8889,0.8294,0.8238,0.9188,0.9106,0.935,0.8197,0.8171,0.8224,0.9008,0.9076,0.8979,,0.4362,0.455,0.4972,0.2339,0.2358,0.2393,0.4837,0.5043,0.4909,0.3462,0.421,0.3001
,,6830.678,6159.35,5893.345,20364.221,19826.795,20287.561,5441.009,5351.2,5058.112,8661.963,8978.255,11184.801,,,,0.8131,0.8222,0.7878,0.945,0.93,0.9423,0.7707,0.7831,0.7794,0.8159,0.8232,0.8794,,0.4699,0.498,0.4848,0.22,0.2212,0.2269,0.4883,0.5187,0.5141,0.4332,0.4248,0.369
,,5751.053,5341.222,5431.537,20154.141,20252.449,20132.139,3942.504,3982.732,3874.921,8799.812,7426.005,10257.151,,,,0.806,0.794,0.7989,0.9468,0.959,0.936,0.7545,0.7659,0.7439,0.8126,0.7947,0.8716,,0.4888,0.501,0.5028,0.2044,0.2153,0.2037,0.5246,0.5322,0.5151,0.4074,0.4424,0.3967
,,,,,,,,,,,,,,,,,,,,,,,,,,,,,,,,,,,,,,,,,
P679_B_fluo,Temperature(¡C),1,2,3,4,5,6,7,8,9,10,11,12,,P679_B_abs,Temperature(¡C),1,2,3,4,5,6,7,8,9,10,11,12,,1,2,3,4,5,6,7,8,9,10,11,12
,22.7,11600.2,11243.394,11054.421,11180.771,10866.774,10962.811,11436.19,11033.903,11162.004,10797.348,11410.166,11401.038,,,22.8,0.9404,0.9324,0.9122,0.9107,0.9202,0.9114,0.9105,0.9073,0.8969,0.8909,0.8906,0.9029,,0.3645,0.387,0.3834,0.3755,0.4006,0.3829,0.3705,0.3902,0.374,0.3724,0.352,0.3543
,,7724.128,7079.846,5896.159,12556.888,12885.98,12768.224,10017.412,10438.869,10179.484,9262.603,10532.967,10924.112,,,,0.8628,0.8382,0.8287,0.9017,0.9462,0.9068,0.8539,0.9036,0.8825,0.8309,0.859,0.8718,,0.4594,0.4846,0.5067,0.3536,0.3721,0.3448,0.4,0.4077,0.4081,0.4115,0.382,0.3665
,,3695.055,2959.782,3304.477,10974.864,10630.312,11059.529,9699.32,10515.257,9670.914,10757.757,10937.044,11484.109,,,,0.773,0.7509,0.7728,0.8809,0.872,0.8758,0.8487,0.9024,0.8556,0.878,0.8923,0.9295,,0.5371,0.5499,0.5548,0.3796,0.3882,0.38,0.4038,0.4221,0.3998,0.3963,0.4016,0.3915
,,2797.883,2458.176,2476.181,11327.986,9950.077,11174.876,8521.027,7640.792,8746.386,10504.854,9676.772,9893.936,,,,0.7921,0.7474,0.7667,0.8901,0.8572,0.8835,0.8413,0.8363,0.8379,0.8769,0.8402,0.8784,,0.5973,0.57,0.5721,0.3761,0.4022,0.3781,0.4395,0.4735,0.4211,0.4184,0.3999,0.4047
,,2493.683,2014.413,2036.38,10671.753,9557.02,10154.157,3812.022,4109.554,3957.627,8677.407,9943.072,9435.288,,,,0.776,0.7504,0.7702,0.867,0.8564,0.8813,0.7777,0.7909,0.7787,0.8209,0.8531,0.8509,,0.582,0.5825,0.6171,0.4017,0.413,0.4175,0.5415,0.5455,0.5362,0.4199,0.4238,0.4078
,,2392.808,2141.371,2269.071,9537.217,9064.058,9329.092,3158.137,3256.132,2903.109,8676.771,8680.635,8242.107,,,,0.7938,0.7434,0.7461,0.8818,0.8418,0.8565,0.7538,0.7838,0.7466,0.8255,0.8285,0.8479,,0.5928,0.5732,0.5736,0.4294,0.4164,0.418,0.546,0.5814,0.5501,0.4259,0.4267,0.426
,,2121.279,2101.347,2050.529,9452.917,9538.065,10687.15,2479.026,2786.322,2715.994,7819.87,7332.712,8006.191,,,,0.774,0.7511,0.7423,0.8628,0.8439,0.8663,0.7429,0.7572,0.7393,0.8568,0.8199,0.8589,,0.5827,0.5812,0.5718,0.4208,0.4009,0.3807,0.5623,0.5596,0.5363,0.4819,0.4624,0.457
,,2104.554,2141.636,2058.126,9206.266,9311.441,9478.132,2538.369,2637.653,2784.016,6835.629,7129.344,6632.981,,,,0.7547,0.7471,0.7402,0.8564,0.8677,0.85,0.7389,0.7504,0.7508,0.8007,0.8228,0.8811,,0.5644,0.5606,0.5579,0.4005,0.413,0.3891,0.5447,0.554,0.5415,0.4405,0.4496,0.5037
,,,,,,,,,,,,,,,,,,,,,,,,,,,,,,,,,,,,,,,,,
P679cse_B_fluo,Temperature(¡C),1,2,3,4,5,6,7,8,9,10,11,12,,P679cse_B_abs,Temperature(¡C),1,2,3,4,5,6,7,8,9,10,11,12,,1,2,3,4,5,6,7,8,9,10,11,12
,23,12722.463,12520.474,12408.571,11761.632,12089.371,11980.36,11328.524,11684.904,11475.978,11349.229,11513.115,12057.456,,,23.1,0.9753,0.9799,0.9619,0.9307,0.961,0.9554,0.9061,0.9139,0.9059,0.9151,0.9082,0.9431,,0.3431,0.3671,0.367,0.3626,0.3802,0.3636,0.3651,0.3618,0.3587,0.3543,0.3505,0.3335
,,11180.391,9956.333,9532.39,14677.897,14378.416,14761.125,10793.238,10827.064,11394.676,12699.729,12582.15,13324.82,,,,0.9302,0.9189,0.8675,0.9505,0.9261,0.9413,0.8816,0.8743,0.8938,0.9395,0.9208,0.9711,,0.3775,0.4424,0.4145,0.3109,0.3061,0.308,0.396,0.3861,0.3842,0.3534,0.3482,0.3464
,,8277.306,6492.149,6639.667,14952.854,14465.443,14721.438,8963.246,9153.905,9484.29,12343.711,12979.692,12580.49,,,,0.8738,0.836,0.848,0.9644,0.9452,0.9439,0.8652,0.8715,0.8747,0.919,0.929,0.953,,0.4436,0.5025,0.4978,0.3181,0.3226,0.3198,0.4355,0.4448,0.4246,0.3641,0.3517,0.3538
,,6831.621,5928.363,5419.34,14500.831,14239.442,14326.497,5828.809,5737.795,5844.538,11575.478,10737.883,11626.783,,,,0.8853,0.8242,0.8293,0.9505,0.9301,0.9118,0.8123,0.8111,0.7667,0.8785,0.8579,0.8906,,0.497,0.5026,0.5196,0.3106,0.3106,0.3024,0.4956,0.5157,0.4838,0.3676,0.3842,0.3522
,,4644.129,3556.898,4468.282,13872.902,14424.715,14704.254,3654.74,3969.163,3636.219,10149.44,10099.241,10785.869,,,,0.8407,0.7833,0.7822,0.9145,0.9373,0.9533,0.7842,0.8312,0.8085,0.8892,0.8636,0.8952,,0.5364,0.5457,0.5273,0.3001,0.2938,0.3103,0.5509,0.5848,0.5527,0.3988,0.4079,0.3782
,,3642.276,3359.631,3328.935,14254.001,13783.6,14629.569,2713.994,2366.437,2735.632,8932.565,8450.764,8807.094,,,,0.8195,0.7852,0.796,0.9651,0.9454,0.9547,0.7564,0.7899,0.706,0.8356,0.8385,0.8757,,0.5503,0.5484,0.5588,0.3144,0.313,0.2945,0.5467,0.581,0.5371,0.4156,0.4323,0.4184
,,3508.742,3030.606,3252.553,13311.913,14254.168,13249.523,2510.135,2250.472,2240.486,7299.803,8156.836,8984.223,,,,0.8033,0.7817,0.7793,0.9221,1.0101,0.9432,0.7925,0.7853,0.7517,0.8782,0.9013,0.8978,,0.553,0.5662,0.556,0.3125,0.3569,0.3362,0.5811,0.5843,0.5745,0.5023,0.4998,0.4339
,,3551.198,3267.017,3316.692,13139.368,13322.865,13057.814,2224.147,2255.813,2381.593,6110.826,6202.316,6247.771,,,,0.7996,0.7784,0.7872,0.9333,0.9618,0.9283,0.7785,0.7678,0.7602,0.8242,0.8071,0.814,,0.5342,0.5317,0.5262,0.3041,0.3284,0.311,0.5646,0.5659,0.5544,0.4741,0.4584,0.4543
,,,,,,,,,,,,,,,,,,,,,,,,,,,,,,,,,,,,,,,,,
ASC390_B_fluo,Temperature(¡C),1,2,3,4,5,6,7,8,9,10,11,12,,ASC390_B_abs,Temperature(¡C),1,2,3,4,5,6,7,8,9,10,11,12,,1,2,3,4,5,6,7,8,9,10,11,12
,23.6,18991.318,16504.033,16293.223,15850.005,16273.564,15890.339,16004.915,15114.418,15871.66,15758.972,14842.934,14933.972,,,23.7,1.0704,1.0342,1.0325,1.0311,1.0335,0.9984,1.0061,1.0149,1.0685,1.0458,0.9979,1.0174,,0.241,0.2507,0.2535,0.2588,0.2653,0.258,0.2591,0.2797,0.281,0.2623,0.2683,0.254
,,18509.742,15805.039,15679.151,19783.686,19323.174,19583.486,14161.478,13355.027,14205.978,15204.624,14453.695,15273.939,,,,1.0655,0.9868,1.0102,0.9938,0.99,0.9946,0.9325,0.9477,0.944,0.9507,0.936,0.9827,,0.2486,0.2569,0.2725,0.234,0.2428,0.2391,0.2994,0.3349,0.3038,0.2748,0.2855,0.26
,,16135.349,15379.656,18956.695,19698.16,20199.453,19007.264,14184.94,13829.203,14367.622,15397.546,15847.289,15512.39,,,,1.0818,1.0134,1.0456,1.0223,1.0211,0.9826,1.0038,1.0055,0.974,0.9698,1.0025,1.0048,,0.2784,0.3002,0.2854,0.2469,0.2489,0.2466,0.3503,0.3495,0.3228,0.2952,0.299,0.2732
,,15737.544,15214.581,14372.341,19972.98,20214.398,19526.426,9098.719,8712.755,9540.673,14294.439,14599.049,14476.051,,,,1.0161,0.9682,0.9917,0.957,1.0143,0.9908,0.8852,0.9111,0.921,0.916,0.9263,0.9852,,0.26,0.2771,0.2918,0.2276,0.2386,0.2406,0.4385,0.4612,0.4163,0.2893,0.2889,0.2952
,,7641.315,5836.702,7371.612,18998.002,19019.078,19882.402,5028.133,4794.749,5343.242,13234.871,12796.36,9293.545,,,,0.8927,0.8556,0.8732,0.9938,1.0206,1.0379,0.8464,0.8582,0.844,0.9488,0.9068,0.8718,,0.443,0.5088,0.4743,0.2455,0.2588,0.2502,0.5299,0.5358,0.5213,0.3423,0.3463,0.4116
,,11335.449,11325.607,10713.773,19401.148,18990.268,16120.266,3557.902,3551.085,3429.269,10100.264,10324.942,8718.346,,,,0.9624,0.9365,0.9217,0.9742,0.9606,0.9856,0.7965,0.8073,0.7879,0.8739,0.8985,0.869,,0.3618,0.3709,0.3801,0.239,0.2377,0.2454,0.541,0.559,0.5381,0.4018,0.397,0.418
,,9266.297,10163.997,8144.309,11874.939,13318.397,15524.557,2829.205,2935.457,2845.859,9977.097,8391.211,5886.925,,,,0.9387,0.9677,0.9003,0.9423,0.9814,0.9804,0.7903,0.8025,0.7906,1.0074,0.8787,0.8328,,0.4188,0.4126,0.4384,0.3651,0.3467,0.264,0.5718,0.5682,0.5789,0.508,0.4415,0.4792
,,7871.17,7700.734,7721.202,8501.217,8346.018,8757.257,2453.96,2549.906,2478.398,5334.277,4155.242,4318.631,,,,0.9074,0.8898,0.9009,0.8876,0.896,0.8789,0.7835,0.79,0.7822,0.8299,0.7836,0.7817,,0.4242,0.4244,0.437,0.4131,0.4335,0.4038,0.5522,0.5581,0.5407,0.4824,0.4944,0.4945
,,,,,,,,,,,,,,,,,,,,,,,,,,,,,,,,,,,,,,,,,
ASC390cse_B_fluo,Temperature(¡C),1,2,3,4,5,6,7,8,9,10,11,12,,ASC390cse_B_abs,Temperature(¡C),1,2,3,4,5,6,7,8,9,10,11,12,,1,2,3,4,5,6,7,8,9,10,11,12
,23.7,13801.078,13417.205,13650.473,13295.492,13432.712,13394.994,12963.732,12716.893,13204.569,13517.951,13629.322,13773.454,,,23.8,1.0295,1.0037,1.01,1.0013,1.005,1.0056,0.9993,0.9846,0.9865,1.0036,0.9738,0.9803,,0.3187,0.3324,0.3209,0.3199,0.3285,0.3222,0.3355,0.342,0.3131,0.3157,0.2977,0.278
,,12812.733,12943.926,12955.678,16257.548,15744.454,15590.009,12696.651,12808.964,12328.308,14425.526,14252.793,14268.699,,,,0.9716,0.9613,0.9362,0.9639,0.9425,0.9656,0.9194,0.9281,0.8946,0.9301,0.9265,0.9549,,0.338,0.3399,0.3431,0.2639,0.2642,0.2826,0.3521,0.3578,0.3517,0.3093,0.3006,0.2897
,,13038.779,12283.137,12968.082,18676.479,19053.918,18857.191,12564.238,12097.652,11996.312,14484.05,14050.87,14850.506,,,,1.0119,0.9794,0.9181,0.9407,0.9385,0.9372,0.9007,0.8737,0.8512,0.9186,0.9473,1.0134,,0.3602,0.3708,0.3431,0.2561,0.2513,0.2568,0.366,0.3666,0.3552,0.3153,0.3106,0.2997
,,12105.298,11769.782,11395.124,18918.02,18726.512,16451.494,7648.138,8190.968,8276.638,13462.341,14026.962,14127.437,,,,0.9719,0.9304,0.8849,0.9324,0.9299,0.9344,0.8168,0.8757,0.8425,0.8708,0.9198,0.962,,0.3591,0.3697,0.3646,0.2417,0.2414,0.2543,0.4592,0.4887,0.4491,0.3218,0.3336,0.3176
,,6665.237,6947.3,9188.555,15682.896,16031.782,15908.088,4696.186,4031.65,4241.63,11731.423,11535.171,12298.509,,,,0.9078,0.8239,0.854,0.9115,0.9164,0.9328,0.7708,0.7808,0.7756,0.8462,0.8973,0.9404,,0.4867,0.4606,0.41,0.2442,0.2402,0.2541,0.5056,0.53,0.517,0.3531,0.3736,0.3401
,,6863.604,7683.083,8045.226,18775.377,18872.088,18820.705,3617.637,3273.452,3650.295,8609.274,8394.748,10266.75,,,,0.881,0.8758,0.851,0.9277,0.9161,0.9409,0.7453,0.7582,0.7311,0.8175,0.8602,0.9124,,0.4865,0.4658,0.4429,0.2443,0.2421,0.2457,0.5249,0.5643,0.521,0.4254,0.4386,0.3805
,,6520.176,6076.143,7587.924,18294.195,19433.42,15912.502,3213.357,3465.555,3141.976,7823.843,7975.305,8724.132,,,,0.8747,0.8726,0.8889,0.9702,1.0116,0.9713,0.7899,0.8307,0.7941,0.8773,0.8951,0.9167,,0.4919,0.5048,0.4726,0.2622,0.2733,0.2709,0.579,0.6236,0.5925,0.4788,0.4582,0.4394
,,6762.219,6565.497,6436.442,11578.359,11021.508,10422.848,2601.357,2471.83,2499.482,5890.595,6013.508,6457.342,,,,0.8687,0.837,0.8541,0.9313,0.9266,0.9003,0.7899,0.7829,0.7811,0.8457,0.8208,0.8412,,0.4686,0.4514,0.4534,0.3424,0.3725,0.3704,0.5433,0.5489,0.5391,0.4819,0.4647,0.4606
,,,,,,,,,,,,,,,,,,,,,,,,,,,,,,,,,,,,,,,,,
ASC397_B_fluo,Temperature(¡C),1,2,3,4,5,6,7,8,9,10,11,12,,ASC397_B_abs,Temperature(¡C),1,2,3,4,5,6,7,8,9,10,11,12,,1,2,3,4,5,6,7,8,9,10,11,12
,23.2,18838.564,19905.426,19982.492,18057.324,19810.088,20096.738,16625.34,20076.246,19511.908,19669.387,20494.092,20110.035,,,23.3,1.0698,1.076,1.0302,1.0265,1.0362,1.0688,0.8886,1.0414,0.9937,1.0045,0.9993,1.0152,,0.2476,0.2516,0.2303,0.2617,0.2459,0.2674,0.2135,0.242,0.2312,0.2277,0.2227,0.2184
,,15328.276,18606.008,16126.499,19299.65,19431.742,20027.355,18932.992,20432.439,19975.086,19433.512,19096.943,19473.979,,,,1.0308,1.0009,0.9941,0.9898,0.9685,0.9748,0.9314,0.9928,0.9836,0.953,0.9634,0.9961,,0.2727,0.2538,0.2622,0.2462,0.243,0.2368,0.2558,0.258,0.2533,0.2614,0.2573,0.2366
,,14803.971,13994.346,13724.991,19060.207,19198.555,19444.777,14285.417,15034.259,14771.005,15994.533,18539.24,19346.283,,,,1.0169,0.9272,0.9361,0.969,0.9757,0.9611,0.9378,0.9541,0.9201,0.9313,0.9401,0.9904,,0.2873,0.2774,0.3233,0.2463,0.2522,0.2447,0.3039,0.2898,0.2815,0.2664,0.2519,0.2404
,,14652.106,13288.299,13636.612,18705.021,18663.682,16998.877,8493.273,9306.3,9231.719,15155.29,15586.854,15996.246,,,,1.0365,0.9416,0.9699,0.9466,0.9679,0.9728,0.8702,0.8889,0.8754,0.9323,0.9276,0.9735,,0.3122,0.3371,0.3398,0.2404,0.2513,0.252,0.444,0.453,0.4325,0.3113,0.2788,0.259
,,12395.177,11099.937,12598.493,19000.529,19258.682,20638.574,5009.719,5047.069,4741.166,11749.628,12387.744,12959.8,,,,0.9768,0.9196,0.9461,1.0222,0.9488,1.0473,0.8242,0.8286,0.8113,0.9252,0.9096,0.9551,,0.3591,0.4003,0.354,0.2679,0.2408,0.269,0.536,0.5731,0.5387,0.3712,0.3693,0.345
,,10463.089,9399.996,8662.427,17912.834,18615.191,19297.859,3137.736,3126.699,3419.233,9314.427,8486.667,9834.484,,,,0.9879,0.8961,0.8991,0.9883,0.9299,0.9933,0.7545,0.7793,0.7901,0.8719,0.8525,0.9034,,0.4325,0.4301,0.4465,0.2734,0.2448,0.26,0.5452,0.5623,0.5425,0.4088,0.4339,0.3973
,,7874.516,6870.662,8450.521,18371.543,19218.021,18591.428,2722.483,2800.906,3019.513,7666.232,7714.876,9342.748,,,,0.9037,0.8331,0.8818,0.9514,1.0059,0.9671,0.7742,0.776,0.7905,0.8361,0.8317,0.8997,,0.4558,0.4608,0.4326,0.2504,0.2578,0.2465,0.5553,0.5613,0.5692,0.4409,0.4295,0.4186
,,7806.069,7988.42,8640.461,14629.851,15541.26,15420.025,2374.456,2531.402,2538.677,7549.329,7492.949,8138.728,,,,0.8908,0.8657,0.8709,0.9614,1.0039,0.9621,0.7794,0.7797,0.7706,0.8634,0.8424,0.8455,,0.4257,0.4244,0.4017,0.268,0.2755,0.2537,0.5667,0.5612,0.5436,0.4577,0.4311,0.4102
,,,,,,,,,,,,,,,,,,,,,,,,,,,,,,,,,,,,,,,,,
ASC397cse_B_fluo,Temperature(¡C),1,2,3,4,5,6,7,8,9,10,11,12,,ASC397cse_B_abs,Temperature(¡C),1,2,3,4,5,6,7,8,9,10,11,12,,1,2,3,4,5,6,7,8,9,10,11,12
,23.4,20490.488,20339.682,20480.377,20373.484,20437.375,20003.777,20347.549,20454.518,20150.121,19615.365,19852.354,19482.082,,,23.5,1.0224,0.9819,0.9935,0.9853,0.9711,0.9685,0.9536,0.9702,0.964,0.9591,0.9605,0.9927,,0.215,0.2251,0.217,0.2157,0.2206,0.2234,0.2137,0.2171,0.2125,0.2165,0.2129,0.211
,,20956.328,21289.828,20618.924,21115.342,20414.609,20368.174,20339.809,20660.402,20669.004,20435.303,20449.27,20390.748,,,,0.9962,0.9545,0.9624,0.9275,0.9234,0.9319,0.9089,0.9267,0.9297,0.915,0.8985,0.9623,,0.21,0.2035,0.2127,0.2046,0.2078,0.21,0.2154,0.2223,0.2189,0.2101,0.2008,0.203
,,20331.916,20124.18,19910.631,20764.951,20564.941,21187.541,19985.945,20259.35,19402.061,20254.219,19949.521,20229.59,,,,1.025,0.9994,0.9753,0.9384,0.8961,0.9281,0.9638,0.9606,0.9348,0.933,0.9175,0.9768,,0.2166,0.2264,0.2324,0.2153,0.2079,0.2142,0.2561,0.2538,0.2663,0.2286,0.2196,0.2145
,,19531.225,16277.998,18914.523,20737.023,20477.279,20460.852,9151.893,9366.733,9723.617,19412.809,18263.391,19338.428,,,,1.0159,0.9912,0.9877,0.9215,0.9294,0.9145,0.8816,0.8924,0.8423,0.9243,0.9229,0.9828,,0.2259,0.246,0.2526,0.2181,0.2205,0.2189,0.4256,0.4438,0.4014,0.2482,0.2471,0.2346
,,18694.113,14781.443,13678.971,20425.346,20922.258,21292.986,5563.459,5917.102,5203.165,10894.176,11195.854,12222.971,,,,1.0131,0.9722,0.9458,0.9116,0.9312,0.9204,0.7854,0.8424,0.8108,0.8863,0.8848,0.9225,,0.2486,0.2935,0.3334,0.2067,0.219,0.2227,0.5139,0.5292,0.521,0.3917,0.378,0.341
,,15155.471,13361.745,12183.675,20903.145,20791.514,21424.223,4680.226,3937.703,4216.672,8981.038,8461.946,8477.412,,,,1.025,0.9509,0.9434,0.9167,0.9309,0.9545,0.8048,0.7682,0.7787,0.8706,0.8831,0.8718,,0.2827,0.3258,0.3518,0.2175,0.2172,0.2232,0.5208,0.5471,0.529,0.4601,0.4559,0.4185
,,12253.483,9976.6,9244.134,18928.49,18374.736,15199.921,3187.465,2995.291,2819.462,6566.033,6995.281,8449.634,,,,0.9595,0.8958,0.8884,0.9657,1.0032,0.9689,0.7876,0.7768,0.7621,0.8391,0.8438,0.8651,,0.3288,0.3886,0.4029,0.2484,0.275,0.2876,0.5526,0.5462,0.5351,0.4654,0.4531,0.4085
,,11373.88,10659.265,8831.449,13837.419,13687.547,12960.085,2997.354,2919.982,2650.984,6995.223,7372.837,7317.725,,,,0.9417,0.9231,0.8922,0.9813,1.0135,0.9472,0.7952,0.7978,0.7689,0.8981,0.8411,0.866,,0.3402,0.3649,0.4046,0.2944,0.3264,0.3112,0.5484,0.56,0.5383,0.4953,0.4355,0.4344