experiment,plate_label,plate_key,sample_name,compound_name,unit,dose_idx,dose,y_mean,y_sd,n,y_err
Resazurin_Exp30,ASC390_A,A1,ASC390,A1,µM,1,0.4,0.9295747462857314,0.024673820787900647,3,0.06129316871219324
Resazurin_Exp30,ASC390_A,A1,ASC390,A1,µM,2,0.8,0.986583843218,0.01287732275416723,3,0.03198904308000744
Resazurin_Exp30,ASC390_A,A1,ASC390,A1,µM,3,1.6,0.9860009276212414,0.008306961285858885,3,0.02063563580025207
Resazurin_Exp30,ASC390_A,A1,ASC390,A1,µM,4,3.1,0.9785084704895628,0.0033799221757713,3,0.008396192139614714
Resazurin_Exp30,ASC390_A,A1,ASC390,A1,µM,5,6.25,0.9372799872419648,0.01846255706622937,3,0.04586353426356291
Resazurin_Exp30,ASC390_A,A1,ASC390,A1,µM,6,12.5,0.07366158464102764,0.04745810361745982,3,0.1178924649242867
Resazurin_Exp30,ASC390_A,A1,ASC390,A1,µM,7,25,0.06478127606124032,0.10110793975982685,3,0.2511660461147665
Resazurin_Exp30,ASC390_A,A1,ASC390,A1,µM,8,50,0.0549574332894949,0.028417383858554517,3,0.07059269491232038
Resazurin_Exp30,ASC390_A,A2,ASC390,A2,µM,1,1e-4,0.9826135287141081,0.015543637452336345,3,0.038612535973123537
Resazurin_Exp30,ASC390_A,A2,ASC390,A2,µM,2,2e-4,0.13889065896977207,0.002636152525605118,3,0.006548565902781551
Resazurin_Exp30,ASC390_A,A2,ASC390,A2,µM,3,0.001,0.016013432153166536,0.01389777544050186,3,0.03452398808118823
Resazurin_Exp30,ASC390_A,A2,ASC390,A2,µM,4,0.004,0.1880082518714602,0.007847376978392218,3,0.019493965090345462
Resazurin_Exp30,ASC390_A,A2,ASC390,A2,µM,5,0.016,0.21685789140275746,0.004439110255019369,3,0.011027361191111239
Resazurin_Exp30,ASC390_A,A2,ASC390,A2,µM,6,0.063,0.1620116028359781,0.0017466703773936767,3,0.004338969754480814
Resazurin_Exp30,ASC390_A,A2,ASC390,A2,µM,7,0.25,0.1253003480119837,0.004447062858770761,3,0.011047116553996681
Resazurin_Exp30,ASC390_A,A2,ASC390,A2,µM,8,1,0.030242976464788435,0.04420513329495007,3,0.1098116386709356
Resazurin_Exp30,ASC390_A,A3,ASC390,A3,µM,1,0.025,0.8547980109481197,0.03157723787425482,3,0.07844220743634722
Resazurin_Exp30,ASC390_A,A3,ASC390,A3,µM,2,0.05,0.9044937257965541,0.0078009753698545705,3,0.019378697104691218
Resazurin_Exp30,ASC390_A,A3,ASC390,A3,µM,3,0.2,0.9783310260739284,0.03499520452876964,3,0.08693290730033261
Resazurin_Exp30,ASC390_A,A3,ASC390,A3,µM,4,0.8,0.652932134493169,0.027891860004714258,3,0.06928722128857143
Resazurin_Exp30,ASC390_A,A3,ASC390,A3,µM,5,3.125,0.17235578684222325,0.05399621278648906,3,0.13413402847461287
Resazurin_Exp30,ASC390_A,A3,ASC390,A3,µM,6,12.5,0.022681197784281897,0.0361084922781852,3,0.08969846738268544
Resazurin_Exp30,ASC390_A,A3,ASC390,A3,µM,7,50,0.07944223809422148,0.11461754765618593,3,0.2847257725610721
Resazurin_Exp30,ASC390_A,A3,ASC390,A3,µM,8,200,0.11476503856079646,0.10265920595373393,3,0.25501960496801446
Resazurin_Exp30,ASC390_A,A4,ASC390,A4,µM,1,5e-5,0.9118141368208709,0.02642214965594436,3,0.0656362583858424
Resazurin_Exp30,ASC390_A,A4,ASC390,A4,µM,2,1e-4,0.6623384427946353,0.1678579806334351,3,0.4169823399097727
Resazurin_Exp30,ASC390_A,A4,ASC390,A4,µM,3,4e-4,0.7167805201451604,0.18397837896911595,3,0.45702762934387475
Resazurin_Exp30,ASC390_A,A4,ASC390,A4,µM,4,0.002,0.9750672987421579,0.0013724264627973976,3,0.0034092963328391265
Resazurin_Exp30,ASC390_A,A4,ASC390,A4,µM,5,0.006,0.9826094646434146,0.024846483786796558,3,0.06172208737917447
Resazurin_Exp30,ASC390_A,A4,ASC390,A4,µM,6,0.025,0.6991695342577333,0.016121712639443987,3,0.040048554345644756
Resazurin_Exp30,ASC390_A,A4,ASC390,A4,µM,7,0.1,0.02148430002244603,0.005191798769770751,3,0.012897143115806491
Resazurin_Exp30,ASC390_A,A4,ASC390,A4,µM,8,0.4,0.002965626415935742,0.0033090348926090056,3,0.008220098366227734
Resazurin_Exp30,ASC390_B,B1,ASC390,B1,µM,1,8.000000000000001e-6,0.868604298293466,0.1140737805542934,3,0.28337498019685176
Resazurin_Exp30,ASC390_B,B1,ASC390,B1,µM,2,1.6000000000000003e-5,0.8231287025026045,0.12156500761424816,3,0.3019842198437699
Resazurin_Exp30,ASC390_B,B1,ASC390,B1,µM,3,3.1e-5,0.8352351752419076,0.14331897177662462,3,0.3560240625995944
Resazurin_Exp30,ASC390_B,B1,ASC390,B1,µM,4,6.3e-5,0.7048060797315052,0.0523615268326691,3,0.13007324344986013
Resazurin_Exp30,ASC390_B,B1,ASC390,B1,µM,5,1.25e-4,0.08462233586547363,0.07399860336772131,3,0.18382272124261148
Resazurin_Exp30,ASC390_B,B1,ASC390,B1,µM,6,2.5e-4,0.4020064895851008,0.027071688541401708,3,0.06724980242645527
Resazurin_Exp30,ASC390_B,B1,ASC390,B1,µM,7,5e-4,0.2550308069299274,0.07692489731859319,3,0.19109203840163919
Resazurin_Exp30,ASC390_B,B1,ASC390,B1,µM,8,0.001,0.14653918188616583,0.00707410418990329,3,0.017573048994989782
Resazurin_Exp30,ASC390_B,B2,ASC390,B2,µM,1,8.000000000000001e-6,0.7729555921662785,0.017770947728185958,3,0.0441454814251306
Resazurin_Exp30,ASC390_B,B2,ASC390,B2,µM,2,1.6000000000000003e-5,1,0,3,0
Resazurin_Exp30,ASC390_B,B2,ASC390,B2,µM,3,3.1e-5,1,0,3,0
Resazurin_Exp30,ASC390_B,B2,ASC390,B2,µM,4,6.3e-5,1,0,3,0
Resazurin_Exp30,ASC390_B,B2,ASC390,B2,µM,5,1.25e-4,1,0,3,0
Resazurin_Exp30,ASC390_B,B2,ASC390,B2,µM,6,2.5e-4,0.9272219475404426,0.1259861648048822,3,0.3129669831506
Resazurin_Exp30,ASC390_B,B2,ASC390,B2,µM,7,5e-4,0.5880771434149048,0.1397261271054428,3,0.3470989416594505
Resazurin_Exp30,ASC390_B,B2,ASC390,B2,µM,8,0.001,0.20510888851994363,0.015786846294342034,3,0.039216700229380994
Resazurin_Exp30,ASC390_B,B3,ASC390,B3,µM,1,8.000000000000001e-6,0.97481722382912,0.03544436395756864,3,0.08804868117600044
Resazurin_Exp30,ASC390_B,B3,ASC390,B3,µM,2,1.6000000000000003e-5,0.8452197157568107,0.03534568788364261,3,0.08780355621951333
Resazurin_Exp30,ASC390_B,B3,ASC390,B3,µM,3,3.1e-5,0.8614370721473135,0.02020562017533537,3,0.050193543066853905
Resazurin_Exp30,ASC390_B,B3,ASC390,B3,µM,4,6.3e-5,0.4917308288112042,0.030571603133362563,3,0.0759440722522505
Resazurin_Exp30,ASC390_B,B3,ASC390,B3,µM,5,1.25e-4,0.19197279207750792,0.02031291344255609,3,0.05046007431817381
Resazurin_Exp30,ASC390_B,B3,ASC390,B3,µM,6,2.5e-4,0.07813412412630695,0.005341225091933035,3,0.013268338677817975
Resazurin_Exp30,ASC390_B,B3,ASC390,B3,µM,7,5e-4,0.030714711004993116,0.004217190015490968,3,0.010476080755098073
Resazurin_Exp30,ASC390_B,B3,ASC390,B3,µM,8,0.001,0.0029612673055146297,0.0036794611623258717,3,0.009140288232254401
Resazurin_Exp30,ASC390_B,B4,ASC390,B4,µM,1,8.000000000000001e-6,0.9390235595941391,0.03724102494117667,3,0.09251183448061158
Resazurin_Exp30,ASC390_B,B4,ASC390,B4,µM,2,1.6000000000000003e-5,0.9241754055956448,0.03356817149895143,3,0.08338796073504785
Resazurin_Exp30,ASC390_B,B4,ASC390,B4,µM,3,3.1e-5,0.9690668788042367,0.017243940941523518,3,0.04283632399203407
Resazurin_Exp30,ASC390_B,B4,ASC390,B4,µM,4,6.3e-5,0.8857348430424274,0.011308576281199117,3,0.02809206080633203
Resazurin_Exp30,ASC390_B,B4,ASC390,B4,µM,5,1.25e-4,0.6878456413834547,0.15940535040971163,3,0.3959848424075406
Resazurin_Exp30,ASC390_B,B4,ASC390,B4,µM,6,2.5e-4,0.5357967267497628,0.06420161008926666,3,0.15948564077783778
Resazurin_Exp30,ASC390_B,B4,ASC390,B4,µM,7,5e-4,0.4155513516698023,0.15218108682625855,3,0.3780387768002602
Resazurin_Exp30,ASC390_B,B4,ASC390,B4,µM,8,0.001,0.15856865192650013,0.04714023908441235,3,0.11710284565051558
Resazurin_Exp30,ASC390cse_A,A1,ASC390cse,A1,µM,1,0.4,0.7374554606683145,0.007572824852663604,3,0.018811939800981795
Resazurin_Exp30,ASC390cse_A,A1,ASC390cse,A1,µM,2,0.8,0.9437169862180903,0.019626976973338924,3,0.04875611366712657
Resazurin_Exp30,ASC390cse_A,A1,ASC390cse,A1,µM,3,1.6,0.9723179187767765,0.03367909824534691,3,0.08366351804901062
Resazurin_Exp30,ASC390cse_A,A1,ASC390cse,A1,µM,4,3.1,0.9633506539190214,0.014049900005324733,3,0.03490188644954833
Resazurin_Exp30,ASC390cse_A,A1,ASC390cse,A1,µM,5,6.25,0.8443879390605972,0.09065753305882487,3,0.22520579672567914
Resazurin_Exp30,ASC390cse_A,A1,ASC390cse,A1,µM,6,12.5,0.05251232610112851,0.05449042297266532,3,0.13536171463562444
Resazurin_Exp30,ASC390cse_A,A1,ASC390cse,A1,µM,7,25,0.06511012718968716,0.11143483166274486,3,0.2768194677359742
Resazurin_Exp30,ASC390cse_A,A1,ASC390cse,A1,µM,8,50,0.055129531598598285,0.05754158958309351,3,0.14294123267742254
Resazurin_Exp30,ASC390cse_A,A2,ASC390cse,A2,µM,1,1e-4,0.9984426122375901,0.0013778062516207332,3,0.003422660469136428
Resazurin_Exp30,ASC390cse_A,A2,ASC390cse,A2,µM,2,2e-4,0.32324750608000236,0.003184462394144197,3,0.007910643124944343
Resazurin_Exp30,ASC390cse_A,A2,ASC390cse,A2,µM,3,0.001,0.174429721140504,0.006285983673292988,3,0.015615249098273979
Resazurin_Exp30,ASC390cse_A,A2,ASC390cse,A2,µM,4,0.004,0.3813436700834042,0.004206235443580969,3,0.010448868089900363
Resazurin_Exp30,ASC390cse_A,A2,ASC390cse,A2,µM,5,0.016,0.41538268355639113,0.007214815243777883,3,0.01792259463037979
Resazurin_Exp30,ASC390cse_A,A2,ASC390cse,A2,µM,6,0.063,0.37658981543649195,0.015754702593400408,3,0.03913685084967668
Resazurin_Exp30,ASC390cse_A,A2,ASC390cse,A2,µM,7,0.25,0.2999968607791355,0.006529545755285798,3,0.01622029085130474
Resazurin_Exp30,ASC390cse_A,A2,ASC390cse,A2,µM,8,1,0.09604244513077599,0.12166428774178747,3,0.3022308453526176
Resazurin_Exp30,ASC390cse_A,A3,ASC390cse,A3,µM,1,0.025,0.7046778440772751,0.0031562233748707114,3,0.007840493512224234
Resazurin_Exp30,ASC390cse_A,A3,ASC390cse,A3,µM,2,0.05,0.8452282004250177,0.09374574342990033,3,0.23287733657028614
Resazurin_Exp30,ASC390cse_A,A3,ASC390cse,A3,µM,3,0.2,0.9862995234455108,0.020807291212627487,3,0.0516881767806592
Resazurin_Exp30,ASC390cse_A,A3,ASC390cse,A3,µM,4,0.8,0.8255281147458406,0.0829766993339999,3,0.20612554801215763
Resazurin_Exp30,ASC390cse_A,A3,ASC390cse,A3,µM,5,3.125,0.24292015723543758,0.06894875355983238,3,0.17127819889615942
Resazurin_Exp30,ASC390cse_A,A3,ASC390cse,A3,µM,6,12.5,0.030717343376596786,0.0456300616550016,3,0.11335135694668215
Resazurin_Exp30,ASC390cse_A,A3,ASC390cse,A3,µM,7,50,0.10581765407399583,0.13361681721512603,3,0.3319225745681453
Resazurin_Exp30,ASC390cse_A,A3,ASC390cse,A3,µM,8,200,0.15962557511973796,0.12418706674744964,3,0.30849777581899507
Resazurin_Exp30,ASC390cse_A,A4,ASC390cse,A4,µM,1,5e-5,0.7267921111534671,0.019182646545508802,3,0.04765233569487561
Resazurin_Exp30,ASC390cse_A,A4,ASC390cse,A4,µM,2,1e-4,0.7910845414657455,0.023952760512484773,3,0.05950195568958759
Resazurin_Exp30,ASC390cse_A,A4,ASC390cse,A4,µM,3,4e-4,0.7899024256144095,0.0070715167828763244,3,0.01756662151961845
Resazurin_Exp30,ASC390cse_A,A4,ASC390cse,A4,µM,4,0.002,0.7834036636528396,0.006573215313837572,3,0.016328772048558694
Resazurin_Exp30,ASC390cse_A,A4,ASC390cse,A4,µM,5,0.006,0.9808729892343545,0.004735003813690292,3,0.011762401538869687
Resazurin_Exp30,ASC390cse_A,A4,ASC390cse,A4,µM,6,0.025,0.9189506341155199,0.10448465059390198,3,0.25955426083936844
Resazurin_Exp30,ASC390cse_A,A4,ASC390cse,A4,µM,7,0.1,0.01836999956304088,0.003298358515262029,3,0.008193576774635234
Resazurin_Exp30,ASC390cse_A,A4,ASC390cse,A4,µM,8,0.4,0.0029532518505069843,0.0032790820378665203,3,0.008145691350187346
Resazurin_Exp30,ASC390cse_B,B1,ASC390cse,B1,µM,1,8.000000000000001e-6,0.9769371090716837,0.025037646975212106,3,0.06219696306461597
Resazurin_Exp30,ASC390cse_B,B1,ASC390cse,B1,µM,2,1.6000000000000003e-5,0.8838869625871717,0.010272536153033925,3,0.025518394453070234
Resazurin_Exp30,ASC390cse_B,B1,ASC390cse,B1,µM,3,3.1e-5,0.8656629041754613,0.0540278027677166,3,0.13421250233829365
Resazurin_Exp30,ASC390cse_B,B1,ASC390cse,B1,µM,4,6.3e-5,0.7353578595375452,0.04598960819048329,3,0.1142445200546014
Resazurin_Exp30,ASC390cse_B,B1,ASC390cse,B1,µM,5,1.25e-4,0.19731182204122108,0.17898213452732226,3,0.44461627010889204
Resazurin_Exp30,ASC390cse_B,B1,ASC390cse,B1,µM,6,2.5e-4,0.18828568352570818,0.07836725669587263,3,0.19467505772463578
Resazurin_Exp30,ASC390cse_B,B1,ASC390cse,B1,µM,7,5e-4,0.08439397871956206,0.10058835315540902,3,0.24987532143621188
Resazurin_Exp30,ASC390cse_B,B1,ASC390cse,B1,µM,8,0.001,0.06626718110465224,0.021237146457339783,3,0.05275599640464267
Resazurin_Exp30,ASC390cse_B,B2,ASC390cse,B2,µM,1,8.000000000000001e-6,0.9447660508901802,0.009176817533549536,3,0.022796478508942054
Resazurin_Exp30,ASC390cse_B,B2,ASC390cse,B2,µM,2,1.6000000000000003e-5,1,0,3,0
Resazurin_Exp30,ASC390cse_B,B2,ASC390cse,B2,µM,3,3.1e-5,1,0,3,0
Resazurin_Exp30,ASC390cse_B,B2,ASC390cse,B2,µM,4,6.3e-5,1,0,3,0
Resazurin_Exp30,ASC390cse_B,B2,ASC390cse,B2,µM,5,1.25e-4,1,0,3,0
Resazurin_Exp30,ASC390cse_B,B2,ASC390cse,B2,µM,6,2.5e-4,1,0,3,0
Resazurin_Exp30,ASC390cse_B,B2,ASC390cse,B2,µM,7,5e-4,1,0,3,0
Resazurin_Exp30,ASC390cse_B,B2,ASC390cse,B2,µM,8,0.001,0.6383780143996897,0.07480730236058035,3,0.18583164090822712
Resazurin_Exp30,ASC390cse_B,B3,ASC390cse,B3,µM,1,8.000000000000001e-6,0.9773741198153924,0.02271965764278128,3,0.05643875834848959
Resazurin_Exp30,ASC390cse_B,B3,ASC390cse,B3,µM,2,1.6000000000000003e-5,0.9447241441971772,0.023427029825560507,3,0.058195968263974614
Resazurin_Exp30,ASC390cse_B,B3,ASC390cse,B3,µM,3,3.1e-5,0.9082090477245992,0.028222617725659357,3,0.07010886901662375
Resazurin_Exp30,ASC390cse_B,B3,ASC390cse,B3,µM,4,6.3e-5,0.5186701487228315,0.03175668657028387,3,0.0788879827094774
Resazurin_Exp30,ASC390cse_B,B3,ASC390cse,B3,µM,5,1.25e-4,0.17249327812158047,0.03164954806558807,3,0.07862183590958204
Resazurin_Exp30,ASC390cse_B,B3,ASC390cse,B3,µM,6,2.5e-4,0.09708282915168877,0.019452852160851464,3,0.048323563653875024
Resazurin_Exp30,ASC390cse_B,B3,ASC390cse,B3,µM,7,5e-4,0.07470593790954326,0.015839498174941992,3,0.039347494751573925
Resazurin_Exp30,ASC390cse_B,B3,ASC390cse,B3,µM,8,0.001,0.004881605711272773,0.006355863561542455,3,0.015788840363967376
Resazurin_Exp30,ASC390cse_B,B4,ASC390cse,B4,µM,1,8.000000000000001e-6,1,0,3,0
Resazurin_Exp30,ASC390cse_B,B4,ASC390cse,B4,µM,2,1.6000000000000003e-5,1,0,3,0
Resazurin_Exp30,ASC390cse_B,B4,ASC390cse,B4,µM,3,3.1e-5,1,0,3,0
Resazurin_Exp30,ASC390cse_B,B4,ASC390cse,B4,µM,4,6.3e-5,1,0,3,0
Resazurin_Exp30,ASC390cse_B,B4,ASC390cse,B4,µM,5,1.25e-4,0.8742599939617776,0.036933497297008844,3,0.09174789346232856
Resazurin_Exp30,ASC390cse_B,B4,ASC390cse,B4,µM,6,2.5e-4,0.6166578105862197,0.09545588481244817,3,0.23712556327109807
Resazurin_Exp30,ASC390cse_B,B4,ASC390cse,B4,µM,7,5e-4,0.531327247095701,0.04491348935212399,3,0.11157129266590811
Resazurin_Exp30,ASC390cse_B,B4,ASC390cse,B4,µM,8,0.001,0.33995531491697195,0.02777787003674482,3,0.06900405451037733
Resazurin_Exp30,ASC397_A,A1,ASC397,A1,µM,1,0.4,0.9227822142263409,0.013434274921262467,3,0.03337258896192979
Resazurin_Exp30,ASC397_A,A1,ASC397,A1,µM,2,0.8,0.9598723787770496,0.01296473050673619,3,0.03220617597446334
Resazurin_Exp30,ASC397_A,A1,ASC397,A1,µM,3,1.6,0.9796720310726803,0.018381230977334295,3,0.0456615090591895
Resazurin_Exp30,ASC397_A,A1,ASC397,A1,µM,4,3.1,0.8948471945668515,0.012628433473356886,3,0.031370767831496046
Resazurin_Exp30,ASC397_A,A1,ASC397,A1,µM,5,6.25,0.5637738802517676,0.012788898707025582,3,0.03176938556987728
Resazurin_Exp30,ASC397_A,A1,ASC397,A1,µM,6,12.5,0.053976815328415556,0.040492307329349914,3,0.10058846767262242
Resazurin_Exp30,ASC397_A,A1,ASC397,A1,µM,7,25,0.06692082183004323,0.0971309267746914,3,0.24128659817827075
Resazurin_Exp30,ASC397_A,A1,ASC397,A1,µM,8,50,0.0522503616277539,0.01965945220560921,3,0.04883678661630705
Resazurin_Exp30,ASC397_A,A2,ASC397,A2,µM,1,1e-4,0.9253946775533668,0.10690583247895552,3,0.2655688100670367
Resazurin_Exp30,ASC397_A,A2,ASC397,A2,µM,2,2e-4,0.142956689948304,0.0036928524039188315,3,0.009173553920502632
Resazurin_Exp30,ASC397_A,A2,ASC397,A2,µM,3,0.001,0.01732824326476384,0.015859758917412873,3,0.039397825226013906
Resazurin_Exp30,ASC397_A,A2,ASC397,A2,µM,4,0.004,0.20278088178344764,0.008921206816536166,3,0.0221615062872816
Resazurin_Exp30,ASC397_A,A2,ASC397,A2,µM,5,0.016,0.2291758122598597,0.002720720671744905,3,0.00675864482382021
Resazurin_Exp30,ASC397_A,A2,ASC397,A2,µM,6,0.063,0.17153670597396578,0.0026899472816011025,3,0.006682199484845584
Resazurin_Exp30,ASC397_A,A2,ASC397,A2,µM,7,0.25,0.1433331421645846,0.004054379185014047,3,0.010071636231228963
Resazurin_Exp30,ASC397_A,A2,ASC397,A2,µM,8,1,0.07843190757458117,0.025631669901927976,3,0.06367259781851517
Resazurin_Exp30,ASC397_A,A3,ASC397,A3,µM,1,0.025,0.9234025553878006,0.008474481507740777,3,0.02105177910090966
Resazurin_Exp30,ASC397_A,A3,ASC397,A3,µM,2,0.05,0.9622158979109628,0.029437458902735497,3,0.07312670179838575
Resazurin_Exp30,ASC397_A,A3,ASC397,A3,µM,3,0.2,0.9805365170327596,0.0183132008191175,3,0.04549251277762682
Resazurin_Exp30,ASC397_A,A3,ASC397,A3,µM,4,0.8,0.6798336379185326,0.13604339962803597,3,0.337950539450725
Resazurin_Exp30,ASC397_A,A3,ASC397,A3,µM,5,3.125,0.26773318659525935,0.203192433864744,3,0.5047579877057454
Resazurin_Exp30,ASC397_A,A3,ASC397,A3,µM,6,12.5,0.03480240550485368,0.052340096735467245,3,0.13002000813723452
Resazurin_Exp30,ASC397_A,A3,ASC397,A3,µM,7,50,0.09810234113695318,0.11648733983953959,3,0.2893705938368769
Resazurin_Exp30,ASC397_A,A3,ASC397,A3,µM,8,200,0.1380438770980234,0.10428398658798643,3,0.25905578381488276
Resazurin_Exp30,ASC397_A,A4,ASC397,A4,µM,1,5e-5,0.9161520482208305,0.010072862328077447,3,0.02502237717444641
Resazurin_Exp30,ASC397_A,A4,ASC397,A4,µM,2,1e-4,0.9449364456877767,0.007980807707456858,3,0.01982542539632128
Resazurin_Exp30,ASC397_A,A4,ASC397,A4,µM,3,4e-4,0.9691450787546813,0.012539767560807855,3,0.031150509494386244
Resazurin_Exp30,ASC397_A,A4,ASC397,A4,µM,4,0.002,0.9920111107067634,0.008524523896480736,3,0.021176091285964666
Resazurin_Exp30,ASC397_A,A4,ASC397,A4,µM,5,0.006,0.9550651019884875,0.026294139779338296,3,0.06531826422388877
Resazurin_Exp30,ASC397_A,A4,ASC397,A4,µM,6,0.025,0.5658012743135196,0.03657037274897324,3,0.09084584207849103
Resazurin_Exp30,ASC397_A,A4,ASC397,A4,µM,7,0.1,0.018965775150439117,0.0014308762208129259,3,0.0035544935809681813
Resazurin_Exp30,ASC397_A,A4,ASC397,A4,µM,8,0.4,0.0011586335672448128,0.0015707185429058685,3,0.003901881166977997
Resazurin_Exp30,ASC397_B,B1,ASC397,B1,µM,1,8.000000000000001e-6,0.9689594816284226,0.048762248130170625,3,0.12113213948988387
Resazurin_Exp30,ASC397_B,B1,ASC397,B1,µM,2,1.6000000000000003e-5,0.748657179559731,0.13035728998724744,3,0.32382546005889506
Resazurin_Exp30,ASC397_B,B1,ASC397,B1,µM,3,3.1e-5,0.5570369658544994,0.042830137873509436,3,0.10639596069105087
Resazurin_Exp30,ASC397_B,B1,ASC397,B1,µM,4,6.3e-5,0.5329800391453113,0.05404132660278353,3,0.13424609740699092
Resazurin_Exp30,ASC397_B,B1,ASC397,B1,µM,5,1.25e-4,0.3935789537641453,0.06199600698933492,3,0.15400661894014392
Resazurin_Exp30,ASC397_B,B1,ASC397,B1,µM,6,2.5e-4,0.20118030816445912,0.06903855070562047,3,0.17150126737241916
Resazurin_Exp30,ASC397_B,B1,ASC397,B1,µM,7,5e-4,0.06568401715600848,0.060977517773856314,3,0.1514765514709625
Resazurin_Exp30,ASC397_B,B1,ASC397,B1,µM,8,0.001,0.09718867109574583,0.03345649823907742,3,0.08311054897880073
Resazurin_Exp30,ASC397_B,B2,ASC397,B2,µM,1,8.000000000000001e-6,0.9466748221517007,0.08124122653404112,3,0.2018143945820631
Resazurin_Exp30,ASC397_B,B2,ASC397,B2,µM,2,1.6000000000000003e-5,0.9686392110534279,0.027622400277794047,3,0.06861784621913099
Resazurin_Exp30,ASC397_B,B2,ASC397,B2,µM,3,3.1e-5,0.9429538821049389,0.014856071464098198,3,0.03690452737242427
Resazurin_Exp30,ASC397_B,B2,ASC397,B2,µM,4,6.3e-5,0.8581460152142507,0.07423286060364687,3,0.18440464847662455
Resazurin_Exp30,ASC397_B,B2,ASC397,B2,µM,5,1.25e-4,0.9566352675408392,0.03882376625045214,3,0.09644358185492788
Resazurin_Exp30,ASC397_B,B2,ASC397,B2,µM,6,2.5e-4,0.8952195078795256,0.05281763292375387,3,0.13120627379128283
Resazurin_Exp30,ASC397_B,B2,ASC397,B2,µM,7,5e-4,0.904247182379068,0.03349810890576,3,0.083213915605118
Resazurin_Exp30,ASC397_B,B2,ASC397,B2,µM,8,0.001,0.6350283166677217,0.037746892980278696,3,0.09376848035371411
Resazurin_Exp30,ASC397_B,B3,ASC397,B3,µM,1,8.000000000000001e-6,0.9061574226386929,0.10250887230892097,3,0.25464615549158975
Resazurin_Exp30,ASC397_B,B3,ASC397,B3,µM,2,1.6000000000000003e-5,0.9638793177141286,0.04255687184764206,3,0.10571713025085358
Resazurin_Exp30,ASC397_B,B3,ASC397,B3,µM,3,3.1e-5,0.6823817292699116,0.021036798856141455,3,0.052258305373047195
Resazurin_Exp30,ASC397_B,B3,ASC397,B3,µM,4,6.3e-5,0.36748149927191015,0.02488768699444647,3,0.0618244418211427
Resazurin_Exp30,ASC397_B,B3,ASC397,B3,µM,5,1.25e-4,0.1416656186537186,0.009241308314481963,3,0.022956682489916527
Resazurin_Exp30,ASC397_B,B3,ASC397,B3,µM,6,2.5e-4,0.047260723046053,0.009181553694975067,3,0.02280824378614815
Resazurin_Exp30,ASC397_B,B3,ASC397,B3,µM,7,5e-4,0.0262032586917376,0.00852418800521056,3,0.02117525688579337
Resazurin_Exp30,ASC397_B,B3,ASC397,B3,µM,8,0.001,0.005928439885377377,0.00513812956691092,3,0.012763821425022808
Resazurin_Exp30,ASC397_B,B4,ASC397,B4,µM,1,8.000000000000001e-6,0.9799635060755861,0.02121221953028641,3,0.05269407448511135
Resazurin_Exp30,ASC397_B,B4,ASC397,B4,µM,2,1.6000000000000003e-5,0.9392164857688332,0.011462593040587868,3,0.028474659646571206
Resazurin_Exp30,ASC397_B,B4,ASC397,B4,µM,3,3.1e-5,0.8630843581294028,0.09687333441126432,3,0.24064670327402268
Resazurin_Exp30,ASC397_B,B4,ASC397,B4,µM,4,6.3e-5,0.7312559400090992,0.023287579312633543,3,0.05784955398588981
Resazurin_Exp30,ASC397_B,B4,ASC397,B4,µM,5,1.25e-4,0.5532881496233549,0.0335245873475573,3,0.08327969170093505
Resazurin_Exp30,ASC397_B,B4,ASC397,B4,µM,6,2.5e-4,0.37863604885071234,0.03764192676182686,3,0.09350772981199808
Resazurin_Exp30,ASC397_B,B4,ASC397,B4,µM,7,5e-4,0.32488840715673134,0.05284115486636738,3,0.13126470553598268
Resazurin_Exp30,ASC397_B,B4,ASC397,B4,µM,8,0.001,0.2964088514204493,0.01980718381056211,3,0.049203772267387945
Resazurin_Exp30,ASC397cse_A,A1,ASC397cse,A1,µM,1,0.4,0.8943672805552456,0.015216786800870775,3,0.03780059394370776
Resazurin_Exp30,ASC397cse_A,A1,ASC397cse,A1,µM,2,0.8,0.9342267266850088,0.021739570149949608,3,0.0540040860467316
Resazurin_Exp30,ASC397cse_A,A1,ASC397cse,A1,µM,3,1.6,0.9560114852320298,0.038168948533722116,3,0.09481692447047659
Resazurin_Exp30,ASC397cse_A,A1,ASC397cse,A1,µM,4,3.1,0.9432023780792111,0.029497305398892563,3,0.07327536873640562
Resazurin_Exp30,ASC397cse_A,A1,ASC397cse,A1,µM,5,6.25,0.8944566068744354,0.032940350785297695,3,0.08182836762404261
Resazurin_Exp30,ASC397cse_A,A1,ASC397cse,A1,µM,6,12.5,0.13014933147852314,0.10462746170692301,3,0.259909023310881
Resazurin_Exp30,ASC397cse_A,A1,ASC397cse,A1,µM,7,25,0.056397113610145475,0.08924790095018083,3,0.2217040764449023
Resazurin_Exp30,ASC397cse_A,A1,ASC397cse,A1,µM,8,50,0.036199269746911164,0.018716219480316654,3,0.04649366663245076
Resazurin_Exp30,ASC397cse_A,A2,ASC397cse,A2,µM,1,1e-4,0.9948000989395677,0.005297879710896669,3,0.013160662782155351
Resazurin_Exp30,ASC397cse_A,A2,ASC397cse,A2,µM,2,2e-4,0.1780834725378961,0.001139867799546172,3,0.002831588587262512
Resazurin_Exp30,ASC397cse_A,A2,ASC397cse,A2,µM,3,0.001,0.043293702308087066,0.010279908566500882,3,0.025536708543390116
Resazurin_Exp30,ASC397cse_A,A2,ASC397cse,A2,µM,4,0.004,0.23290713695936383,0.0031427266436960034,3,0.0078069657733277845
Resazurin_Exp30,ASC397cse_A,A2,ASC397cse,A2,µM,5,0.016,0.2717724000139596,0.0030191288158259097,3,0.0074999317480252585
Resazurin_Exp30,ASC397cse_A,A2,ASC397cse,A2,µM,6,0.063,0.21860865414840566,0.0015133322203000421,3,0.003759325638854193
Resazurin_Exp30,ASC397cse_A,A2,ASC397cse,A2,µM,7,0.25,0.18622930156392947,0.0015481717556667903,3,0.0038458718425185916
Resazurin_Exp30,ASC397cse_A,A2,ASC397cse,A2,µM,8,1,0.0636211914141355,0.06069832764896918,3,0.1507830047529821
Resazurin_Exp30,ASC397cse_A,A3,ASC397cse,A3,µM,1,0.025,0.8952624861529772,0.013513457689371886,3,0.033569289862311176
Resazurin_Exp30,ASC397cse_A,A3,ASC397cse,A3,µM,2,0.05,0.9598090162279717,0.0158185651544788,3,0.039295494246020475
Resazurin_Exp30,ASC397cse_A,A3,ASC397cse,A3,µM,3,0.2,0.997942525487953,0.0018603034014909642,3,0.004621249834941119
Resazurin_Exp30,ASC397cse_A,A3,ASC397cse,A3,µM,4,0.8,0.9649056509872234,0.003971117121508349,3,0.009864801799316309
Resazurin_Exp30,ASC397cse_A,A3,ASC397cse,A3,µM,5,3.125,0.23350939379989838,0.07787037960208189,3,0.19344074659784527
Resazurin_Exp30,ASC397cse_A,A3,ASC397cse,A3,µM,6,12.5,0.019143031143247932,0.03013394498409772,3,0.07485686913880685
Resazurin_Exp30,ASC397cse_A,A3,ASC397cse,A3,µM,7,50,0.09630438700192137,0.12251136236788167,3,0.30433509537596504
Resazurin_Exp30,ASC397cse_A,A3,ASC397cse,A3,µM,8,200,0.13567176604151787,0.11044726515090861,3,0.2743662165210601
Resazurin_Exp30,ASC397cse_A,A4,ASC397cse,A4,µM,1,5e-5,0.8639048730516583,0.006162635048281569,3,0.015308834127190562
Resazurin_Exp30,ASC397cse_A,A4,ASC397cse,A4,µM,2,1e-4,0.9574659206828381,0.010803380019923037,3,0.02683708372186085
Resazurin_Exp30,ASC397cse_A,A4,ASC397cse,A4,µM,3,4e-4,0.9677151748718222,0.03218096620612943,3,0.07994195175320906
Resazurin_Exp30,ASC397cse_A,A4,ASC397cse,A4,µM,4,0.002,0.9314279880087611,0.05495937097311899,3,0.1365266460484013
Resazurin_Exp30,ASC397cse_A,A4,ASC397cse,A4,µM,5,0.006,0.9383907423893207,0.016060936877627136,3,0.039897578983755164
Resazurin_Exp30,ASC397cse_A,A4,ASC397cse,A4,µM,6,0.025,0.6242999226785799,0.016585743454192114,3,0.04120127079197481
Resazurin_Exp30,ASC397cse_A,A4,ASC397cse,A4,µM,7,0.1,0.01802134374851875,0.0025908452474837644,3,0.006436016384583536
Resazurin_Exp30,ASC397cse_A,A4,ASC397cse,A4,µM,8,0.4,0.0018454101145897537,0.001748976960275055,3,0.004344699624001723
Resazurin_Exp30,ASC397cse_B,B1,ASC397cse,B1,µM,1,8.000000000000001e-6,0.9315337091607182,0.00676659584027755,3,0.016809155907006375
Resazurin_Exp30,ASC397cse_B,B1,ASC397cse,B1,µM,2,1.6000000000000003e-5,0.9731264128877976,0.026925966300591183,3,0.06688780831261708
Resazurin_Exp30,ASC397cse_B,B1,ASC397cse,B1,µM,3,3.1e-5,0.9062810926953927,0.016908233727767445,3,0.04200238104223598
Resazurin_Exp30,ASC397cse_B,B1,ASC397cse,B1,µM,4,6.3e-5,0.7552988768977621,0.13869860954906443,3,0.34454644654816535
Resazurin_Exp30,ASC397cse_B,B1,ASC397cse,B1,µM,5,1.25e-4,0.5527787095469375,0.211546707040558,3,0.5255111527560492
Resazurin_Exp30,ASC397cse_B,B1,ASC397cse,B1,µM,6,2.5e-4,0.3801068073676893,0.12011906642975173,3,0.2983923028183893
Resazurin_Exp30,ASC397cse_B,B1,ASC397cse,B1,µM,7,5e-4,0.13324018049753233,0.12596626979607828,3,0.31291756120895464
Resazurin_Exp30,ASC397cse_B,B1,ASC397cse,B1,µM,8,0.001,0.11692925700847591,0.10524678730787453,3,0.26144751339205713
Resazurin_Exp30,ASC397cse_B,B2,ASC397cse,B2,µM,1,8.000000000000001e-6,0.9182652360578637,0.018789300499657827,3,0.046675209948609325
Resazurin_Exp30,ASC397cse_B,B2,ASC397cse,B2,µM,2,1.6000000000000003e-5,0.9472548020359095,0.033601270312416005,3,0.08347018274578939
Resazurin_Exp30,ASC397cse_B,B2,ASC397cse,B2,µM,3,3.1e-5,0.9638248550098959,0.025513903947977104,3,0.06338005097114555
Resazurin_Exp30,ASC397cse_B,B2,ASC397cse,B2,µM,4,6.3e-5,0.9412890446394884,0.012435262551649964,3,0.03089090466007031
Resazurin_Exp30,ASC397cse_B,B2,ASC397cse,B2,µM,5,1.25e-4,0.9670355188263257,0.034824005562162114,3,0.08650762549117015
Resazurin_Exp30,ASC397cse_B,B2,ASC397cse,B2,µM,6,2.5e-4,0.9763212372974043,0.020990108705928493,3,0.05214232061013589
Resazurin_Exp30,ASC397cse_B,B2,ASC397cse,B2,µM,7,5e-4,0.6958850746152448,0.16149592910738494,3,0.40117812778981277
Resazurin_Exp30,ASC397cse_B,B2,ASC397cse,B2,µM,8,0.001,0.3743318452585203,0.03766832373051567,3,0.09357330351739386
Resazurin_Exp30,ASC397cse_B,B3,ASC397cse,B3,µM,1,8.000000000000001e-6,0.9804857581465666,0.008570443755469025,3,0.021290162539395727
Resazurin_Exp30,ASC397cse_B,B3,ASC397cse,B3,µM,2,1.6000000000000003e-5,0.9937507561874167,0.010413294083584627,3,0.025868056536579163
Resazurin_Exp30,ASC397cse_B,B3,ASC397cse,B3,µM,3,3.1e-5,0.9563463688018994,0.02430425834093803,3,0.06037512470084667
Resazurin_Exp30,ASC397cse_B,B3,ASC397cse,B3,µM,4,6.3e-5,0.37535184221129736,0.016027727329376927,3,0.03981508189255663
Resazurin_Exp30,ASC397cse_B,B3,ASC397cse,B3,µM,5,1.25e-4,0.16151930123287686,0.019812036135316874,3,0.04921582611030091
Resazurin_Exp30,ASC397cse_B,B3,ASC397cse,B3,µM,6,2.5e-4,0.09031049656584536,0.02081615322853524,3,0.05171019124857778
Resazurin_Exp30,ASC397cse_B,B3,ASC397cse,B3,µM,7,5e-4,0.019411418864743936,0.010215439184343254,3,0.025376557719919108
Resazurin_Exp30,ASC397cse_B,B3,ASC397cse,B3,µM,8,0.001,0.011384306747726256,0.010090180947232333,3,0.025065399009404507
Resazurin_Exp30,ASC397cse_B,B4,ASC397cse,B4,µM,1,8.000000000000001e-6,0.9434416027214236,0.010408517896470681,3,0.02585619183005104
Resazurin_Exp30,ASC397cse_B,B4,ASC397cse,B4,µM,2,1.6000000000000003e-5,0.986463717988991,0.0016963171001688321,3,0.004213885279616358
Resazurin_Exp30,ASC397cse_B,B4,ASC397cse,B4,µM,3,3.1e-5,0.9708868862024425,0.009393721787741392,3,0.023335298546619122
Resazurin_Exp30,ASC397cse_B,B4,ASC397cse,B4,µM,4,6.3e-5,0.9076409061595003,0.035698756498227555,3,0.08868062727983922
Resazurin_Exp30,ASC397cse_B,B4,ASC397cse,B4,µM,5,1.25e-4,0.48766085285730615,0.03866239614019855,3,0.09604271627849761
Resazurin_Exp30,ASC397cse_B,B4,ASC397cse,B4,µM,6,2.5e-4,0.3323976774362555,0.016391063701092504,3,0.04071765947558583
Resazurin_Exp30,ASC397cse_B,B4,ASC397cse,B4,µM,7,5e-4,0.2600728973919813,0.05478943553348531,3,0.13610450301424443
Resazurin_Exp30,ASC397cse_B,B4,ASC397cse,B4,µM,8,0.001,0.2540573825536879,0.011320665713707228,3,0.02812209262153909
Resazurin_Exp30,P676_A,A1,P676,A1,µM,1,0.4,0.9269411593437897,0.038362006959542075,3,0.09529650818662709
Resazurin_Exp30,P676_A,A1,P676,A1,µM,2,0.8,0.9699906753412875,0.01336008047366891,3,0.03318827973666015
Resazurin_Exp30,P676_A,A1,P676,A1,µM,3,1.6,0.9744859568056393,0.023363976145347,3,0.0580393342390916
Resazurin_Exp30,P676_A,A1,P676,A1,µM,4,3.1,0.957107774342561,0.027617132395338095,3,0.06860476007366109
Resazurin_Exp30,P676_A,A1,P676,A1,µM,5,6.25,0.8783167821513953,0.019996642639532426,3,0.049674414089257164
Resazurin_Exp30,P676_A,A1,P676,A1,µM,6,12.5,0.11691898404160242,0.09597365875290394,3,0.23841178504274582
Resazurin_Exp30,P676_A,A1,P676,A1,µM,7,25,0.06992170917398396,0.09453163493732449,3,0.2348295993012228
Resazurin_Exp30,P676_A,A1,P676,A1,µM,8,50,0.04587660519583528,0.023203696991504534,3,0.057641178748624095
Resazurin_Exp30,P676_A,A2,P676,A2,µM,1,1e-4,0.993881712233849,0.005600293986868543,3,0.013911901489668756
Resazurin_Exp30,P676_A,A2,P676,A2,µM,2,2e-4,0.12912450867540826,0.0018486695519116141,3,0.004592349750468225
Resazurin_Exp30,P676_A,A2,P676,A2,µM,3,0.001,0.005568411232015069,0.007895688285455376,3,0.019613977030125008
Resazurin_Exp30,P676_A,A2,P676,A2,µM,4,0.004,0.19357021234389937,0.0063205849012623735,3,0.0157012033135456
Resazurin_Exp30,P676_A,A2,P676,A2,µM,5,0.016,0.2280766788413611,0.009071564627036038,3,0.022535015794600544
Resazurin_Exp30,P676_A,A2,P676,A2,µM,6,0.063,0.17192640335975726,0.0053633168161263895,3,0.013323217563004273
Resazurin_Exp30,P676_A,A2,P676,A2,µM,7,0.25,0.13423671462650638,0.0032974270108778085,3,0.00819126278946573
Resazurin_Exp30,P676_A,A2,P676,A2,µM,8,1,0.07404715530618707,0.0025060433829487234,3,0.006225356874865298
Resazurin_Exp30,P676_A,A3,P676,A3,µM,1,0.025,0.9872952494638344,0.012545728878959897,3,0.03116531822961947
Resazurin_Exp30,P676_A,A3,P676,A3,µM,2,0.05,0.9460984883922707,0.01962637944144294,3,0.04875462931560979
Resazurin_Exp30,P676_A,A3,P676,A3,µM,3,0.2,0.9808975105632833,0.018543309097465526,3,0.04606413342965709
Resazurin_Exp30,P676_A,A3,P676,A3,µM,4,0.8,0.8053899643282606,0.13042528798434183,3,0.32399437644780077
Resazurin_Exp30,P676_A,A3,P676,A3,µM,5,3.125,0.2140211130517247,0.07167950462667838,3,0.17806176060271406
Resazurin_Exp30,P676_A,A3,P676,A3,µM,6,12.5,0.026048241272223948,0.03346392176859342,3,0.08312899004842572
Resazurin_Exp30,P676_A,A3,P676,A3,µM,7,50,0.07376189498874343,0.12524232503722849,3,0.31111918273227185
Resazurin_Exp30,P676_A,A3,P676,A3,µM,8,200,0.11517269278347723,0.10732469537204177,3,0.2666093231758051
Resazurin_Exp30,P676_A,A4,P676,A4,µM,1,5e-5,0.9566264141053532,0.014127423547522245,3,0.03509446560426964
Resazurin_Exp30,P676_A,A4,P676,A4,µM,2,1e-4,0.9096735096781291,0.014347108663571551,3,0.03564019368575797
Resazurin_Exp30,P676_A,A4,P676,A4,µM,3,4e-4,0.9854695629450346,0.013029766770597034,3,0.0323677350101514
Resazurin_Exp30,P676_A,A4,P676,A4,µM,4,0.002,0.9639741984148891,0.00925929760660093,3,0.023001370368876943
Resazurin_Exp30,P676_A,A4,P676,A4,µM,5,0.006,0.9516602375613351,0.01326781207513514,3,0.032959072328259606
Resazurin_Exp30,P676_A,A4,P676,A4,µM,6,0.025,0.8237575402265813,0.022507144270340815,3,0.055910845865758986
Resazurin_Exp30,P676_A,A4,P676,A4,µM,7,0.1,0.01411942991464105,0.002751481543378733,3,0.006835059065092112
Resazurin_Exp30,P676_A,A4,P676,A4,µM,8,0.4,0.0012879279828678914,0.0018935371111268888,3,0.00470380694634908
Resazurin_Exp30,P676_B,B1,P676,B1,µM,1,8.000000000000001e-6,0.9579657612979183,0.03469477083836052,3,0.08618658864010699
Resazurin_Exp30,P676_B,B1,P676,B1,µM,2,1.6000000000000003e-5,0.9908769199279697,0.013482599222628847,3,0.033492633181348
Resazurin_Exp30,P676_B,B1,P676,B1,µM,3,3.1e-5,0.869393543269453,0.05261412612963834,3,0.13070073488942305
Resazurin_Exp30,P676_B,B1,P676,B1,µM,4,6.3e-5,0.8122247289640403,0.12633720235962545,3,0.3138390087785784
Resazurin_Exp30,P676_B,B1,P676,B1,µM,5,1.25e-4,0.46367741569258436,0.1499756043410621,3,0.37256005458617886
Resazurin_Exp30,P676_B,B1,P676,B1,µM,6,2.5e-4,0.25957281799610904,0.010749985797178892,3,0.02670444511955252
Resazurin_Exp30,P676_B,B1,P676,B1,µM,7,5e-4,0.08571722910690388,0.057012125344790915,3,0.1416259705960319
Resazurin_Exp30,P676_B,B1,P676,B1,µM,8,0.001,0.03042294211205212,0.05059350722583104,3,0.1256812392693997
Resazurin_Exp30,P676_B,B2,P676,B2,µM,1,8.000000000000001e-6,0.9741170405626308,0.026078703297117582,3,0.06478309033391746
Resazurin_Exp30,P676_B,B2,P676,B2,µM,2,1.6000000000000003e-5,1,0,3,0
Resazurin_Exp30,P676_B,B2,P676,B2,µM,3,3.1e-5,0.940702678660883,0.010273217185882,3,0.02552008623245108
Resazurin_Exp30,P676_B,B2,P676,B2,µM,4,6.3e-5,0.9947518229287615,0.009090109334503075,3,0.022581083401772787
Resazurin_Exp30,P676_B,B2,P676,B2,µM,5,1.25e-4,0.989133758159604,0.009587395397233855,3,0.023816410463730155
Resazurin_Exp30,P676_B,B2,P676,B2,µM,6,2.5e-4,0.9301173364918137,0.027364933953110227,3,0.06797826441247816
Resazurin_Exp30,P676_B,B2,P676,B2,µM,7,5e-4,0.9410748017608596,0.0011313686610205488,3,0.0028104755567336212
Resazurin_Exp30,P676_B,B2,P676,B2,µM,8,0.001,0.6666346338307985,0.02218332006478951,3,0.0551064219447714
Resazurin_Exp30,P676_B,B3,P676,B3,µM,1,8.000000000000001e-6,0.9876485212668636,0.015857939043857208,3,0.039393304409483666
Resazurin_Exp30,P676_B,B3,P676,B3,µM,2,1.6000000000000003e-5,0.8133964118191085,0.06673598341937179,3,0.1657813731428062
Resazurin_Exp30,P676_B,B3,P676,B3,µM,3,3.1e-5,0.8653475613127316,0.021263402915935335,3,0.052821221063616905
Resazurin_Exp30,P676_B,B3,P676,B3,µM,4,6.3e-5,0.6867822858064274,0.03446578822732715,3,0.08561776430070392
Resazurin_Exp30,P676_B,B3,P676,B3,µM,5,1.25e-4,0.2893779719179124,0.013206715681163895,3,0.03280730047194368
Resazurin_Exp30,P676_B,B3,P676,B3,µM,6,2.5e-4,0.07235954415800046,0.008426492582222068,3,0.020932568001282258
Resazurin_Exp30,P676_B,B3,P676,B3,µM,7,5e-4,0.03692738418444238,0.01906211282509091,3,0.04735291333444796
Resazurin_Exp30,P676_B,B3,P676,B3,µM,8,0.001,0.005565163224512324,0.005613957138939987,3,0.01394584264099081
Resazurin_Exp30,P676_B,B4,P676,B4,µM,1,8.000000000000001e-6,0.9749902593789661,0.016282774425485067,3,0.040448654002271274
Resazurin_Exp30,P676_B,B4,P676,B4,µM,2,1.6000000000000003e-5,0.8341627235087467,0.10380293893673065,3,0.2578607952032493
Resazurin_Exp30,P676_B,B4,P676,B4,µM,3,3.1e-5,0.7541824465730823,0.00461868826144628,3,0.011473457689077272
Resazurin_Exp30,P676_B,B4,P676,B4,µM,4,6.3e-5,0.732888922202164,0.01055501892917437,3,0.02622012057020064
Resazurin_Exp30,P676_B,B4,P676,B4,µM,5,1.25e-4,0.6659172183174448,0.015295071686046687,3,0.03799506437923328
Resazurin_Exp30,P676_B,B4,P676,B4,µM,6,2.5e-4,0.5308835232440868,0.021126441190560077,3,0.05248098927654583
Resazurin_Exp30,P676_B,B4,P676,B4,µM,7,5e-4,0.38224528865501356,0.03888130462316731,3,0.09658651509646236
Resazurin_Exp30,P676_B,B4,P676,B4,µM,8,0.001,0.3447188876336206,0.0435234535646949,3,0.10811825234567295
Resazurin_Exp30,P676cse_A,A1,P676cse,A1,µM,1,0.4,0.8749844449130761,0.017604978061275513,3,0.043733189916551715
Resazurin_Exp30,P676cse_A,A1,P676cse,A1,µM,2,0.8,0.941219056742243,0.004578653082317668,3,0.011374004790807208
Resazurin_Exp30,P676cse_A,A1,P676cse,A1,µM,3,1.6,0.9782388065798051,0.01759794783170206,3,0.04371572585814604
Resazurin_Exp30,P676cse_A,A1,P676cse,A1,µM,4,3.1,0.9787756182273457,0.027541957590989714,3,0.06841801550720582
Resazurin_Exp30,P676cse_A,A1,P676cse,A1,µM,5,6.25,0.9685830839091261,0.01956739650671629,3,0.04860810758310561
Resazurin_Exp30,P676cse_A,A1,P676cse,A1,µM,6,12.5,0.3241448230499451,0.28701045623093524,3,0.7129734979899337
Resazurin_Exp30,P676cse_A,A1,P676cse,A1,µM,7,25,0.0901930248886819,0.08173250999267254,3,0.20303481034880852
Resazurin_Exp30,P676cse_A,A1,P676cse,A1,µM,8,50,0.03710573537258656,0.015165239440833075,3,0.03767254320269693
Resazurin_Exp30,P676cse_A,A2,P676cse,A2,µM,1,1e-4,0.9791225008226151,0.022216392392516007,3,0.055188578161292155
Resazurin_Exp30,P676cse_A,A2,P676cse,A2,µM,2,2e-4,0.1536502539767724,0.002008936819910425,3,0.004990475714863268
Resazurin_Exp30,P676cse_A,A2,P676cse,A2,µM,3,0.001,0.008230455015873673,0.010095906442848966,3,0.025079621928984244
Resazurin_Exp30,P676cse_A,A2,P676cse,A2,µM,4,0.004,0.23177918294380737,0.004911643631678529,3,0.012201199172130982
Resazurin_Exp30,P676cse_A,A2,P676cse,A2,µM,5,0.016,0.26112446440425674,0.00654975003058178,3,0.016270481053506078
Resazurin_Exp30,P676cse_A,A2,P676cse,A2,µM,6,0.063,0.2105776057603856,0.0036543394531377595,3,0.009077882447076586
Resazurin_Exp30,P676cse_A,A2,P676cse,A2,µM,7,0.25,0.1667038414914771,0.002889588149592865,3,0.00717813489383049
Resazurin_Exp30,P676cse_A,A2,P676cse,A2,µM,8,1,0.07657342659331669,0.05698372850591355,3,0.14155542893768214
Resazurin_Exp30,P676cse_A,A3,P676cse,A3,µM,1,0.025,0.9000195239287865,0.016713485508751073,3,0.04151859964708119
Resazurin_Exp30,P676cse_A,A3,P676cse,A3,µM,2,0.05,0.9173728042647976,0.0146911158082441,3,0.036494754806950594
Resazurin_Exp30,P676cse_A,A3,P676cse,A3,µM,3,0.2,0.9874771791215695,0.01720361111924146,3,0.04273613915959502
Resazurin_Exp30,P676cse_A,A3,P676cse,A3,µM,4,0.8,0.8660820131399034,0.01531029575931556,3,0.03803288307376694
Resazurin_Exp30,P676cse_A,A3,P676cse,A3,µM,5,3.125,0.13606942735684918,0.04480009914504652,3,0.11128961577636379
Resazurin_Exp30,P676cse_A,A3,P676cse,A3,µM,6,12.5,0.024875364493789767,0.03603452457300428,3,0.0895147214167939
Resazurin_Exp30,P676cse_A,A3,P676cse,A3,µM,7,50,0.07762559424087341,0.12019093577490064,3,0.2985708361689926
Resazurin_Exp30,P676cse_A,A3,P676cse,A3,µM,8,200,0.11262579546705594,0.10575847988102854,3,0.26271862820985153
Resazurin_Exp30,P676cse_A,A4,P676cse,A4,µM,1,5e-5,0.9168616809140562,0.004773693061846783,3,0.011858510959254494
Resazurin_Exp30,P676cse_A,A4,P676cse,A4,µM,2,1e-4,0.9326796584918917,0.02118716886521641,3,0.05263184518330653
Resazurin_Exp30,P676cse_A,A4,P676cse,A4,µM,3,4e-4,0.9786707313550749,0.00969659475770873,3,0.02408767671318481
Resazurin_Exp30,P676cse_A,A4,P676cse,A4,µM,4,0.002,0.9673034866995608,0.018221573109115066,3,0.04526489692776845
Resazurin_Exp30,P676cse_A,A4,P676cse,A4,µM,5,0.006,0.9947338683241054,0.005298691819876486,3,0.013162680172698164
Resazurin_Exp30,P676cse_A,A4,P676cse,A4,µM,6,0.025,0.9521255002747179,0.029814765578777654,3,0.07406398354123722
Resazurin_Exp30,P676cse_A,A4,P676cse,A4,µM,7,0.1,0.01708316453624907,3.107582516345786e-4,3,7.719662921230554e-4
Resazurin_Exp30,P676cse_A,A4,P676cse,A4,µM,8,0.4,0.001098325638949376,0.0015761883546440497,3,0.003915468932592987
Resazurin_Exp30,P676cse_B,B1,P676cse,B1,µM,1,8.000000000000001e-6,0.9595324892635767,0.029422037629772194,3,0.0730883932326544
Resazurin_Exp30,P676cse_B,B1,P676cse,B1,µM,2,1.6000000000000003e-5,0.9742292967382823,0.03605142539934673,3,0.0895567053968709
Resazurin_Exp30,P676cse_B,B1,P676cse,B1,µM,3,3.1e-5,0.8216924798529336,0.11962968592340321,3,0.29717661424717356
Resazurin_Exp30,P676cse_B,B1,P676cse,B1,µM,4,6.3e-5,0.6304786046042101,0.08131432848236661,3,0.20199598988870088
Resazurin_Exp30,P676cse_B,B1,P676cse,B1,µM,5,1.25e-4,0.40959241319723444,0.08857144987781658,3,0.22002367882588833
Resazurin_Exp30,P676cse_B,B1,P676cse,B1,µM,6,2.5e-4,0.16820347917676465,0.073394895935989,3,0.18232302884458132
Resazurin_Exp30,P676cse_B,B1,P676cse,B1,µM,7,5e-4,0.06482868048080699,0.03285189487198988,3,0.08160863095396734
Resazurin_Exp30,P676cse_B,B1,P676cse,B1,µM,8,0.001,0.0113381564012515,0.01464457065958353,3,0.03637913024786385
Resazurin_Exp30,P676cse_B,B2,P676cse,B2,µM,1,8.000000000000001e-6,0.9225749951424514,0.006795229867066421,3,0.01688028677279188
Resazurin_Exp30,P676cse_B,B2,P676cse,B2,µM,2,1.6000000000000003e-5,0.9970006408948979,0.00519504236018111,3,0.012905200641066338
Resazurin_Exp30,P676cse_B,B2,P676cse,B2,µM,3,3.1e-5,1,0,3,0
Resazurin_Exp30,P676cse_B,B2,P676cse,B2,µM,4,6.3e-5,0.9701992600294748,0.031138600476195374,3,0.07735257173404372
Resazurin_Exp30,P676cse_B,B2,P676cse,B2,µM,5,1.25e-4,0.9948125167628213,0.00898498453020531,3,0.022319938910976334
Resazurin_Exp30,P676cse_B,B2,P676cse,B2,µM,6,2.5e-4,1,0,3,0
Resazurin_Exp30,P676cse_B,B2,P676cse,B2,µM,7,5e-4,0.9950501631571828,0.008573368900935793,3,0.021297429003562084
Resazurin_Exp30,P676cse_B,B2,P676cse,B2,µM,8,0.001,1,0,3,0
Resazurin_Exp30,P676cse_B,B3,P676cse,B3,µM,1,8.000000000000001e-6,0.9857912588049565,0.014090764070690836,3,0.0350033984153797
Resazurin_Exp30,P676cse_B,B3,P676cse,B3,µM,2,1.6000000000000003e-5,0.7962619623915664,0.015495267062518078,3,0.038492377263643913
Resazurin_Exp30,P676cse_B,B3,P676cse,B3,µM,3,3.1e-5,0.9858691970109935,0.01281471561508757,3,0.03183351832479486
Resazurin_Exp30,P676cse_B,B3,P676cse,B3,µM,4,6.3e-5,0.9086227743288559,0.0905166183848449,3,0.22485574526990648
Resazurin_Exp30,P676cse_B,B3,P676cse,B3,µM,5,1.25e-4,0.4358926417130949,0.04836248773522785,3,0.12013907961714232
Resazurin_Exp30,P676cse_B,B3,P676cse,B3,µM,6,2.5e-4,0.1814166575186316,0.013956865688533469,3,0.03467077639472022
Resazurin_Exp30,P676cse_B,B3,P676cse,B3,µM,7,5e-4,0.09214672916202997,0.013099899008388916,3,0.03254195314685966
Resazurin_Exp30,P676cse_B,B3,P676cse,B3,µM,8,0.001,0.0038248163709136414,0.0035641898892932043,3,0.008853938515832483
Resazurin_Exp30,P676cse_B,B4,P676cse,B4,µM,1,8.000000000000001e-6,0.9934842220491328,0.00787980015155955,3,0.019574508717545045
Resazurin_Exp30,P676cse_B,B4,P676cse,B4,µM,2,1.6000000000000003e-5,1,0,3,0
Resazurin_Exp30,P676cse_B,B4,P676cse,B4,µM,3,3.1e-5,1,0,3,0
Resazurin_Exp30,P676cse_B,B4,P676cse,B4,µM,4,6.3e-5,1,0,3,0
Resazurin_Exp30,P676cse_B,B4,P676cse,B4,µM,5,1.25e-4,0.9931689146845306,0.008302373730878795,3,0.0206242396819213
Resazurin_Exp30,P676cse_B,B4,P676cse,B4,µM,6,2.5e-4,0.5867467934228877,0.11000410038817073,3,0.273265334221424
Resazurin_Exp30,P676cse_B,B4,P676cse,B4,µM,7,5e-4,0.375085925018561,0.08991359826462945,3,0.22335776024833506
Resazurin_Exp30,P676cse_B,B4,P676cse,B4,µM,8,0.001,0.3240128267009752,0.09262162233331946,3,0.23008486496169545
Resazurin_Exp30,P679_A,A1,P679,A1,µM,1,0.4,0.8504330686345044,0.03477950788377853,3,0.08639708713021217
Resazurin_Exp30,P679_A,A1,P679,A1,µM,2,0.8,0.9699815118331945,0.030392828970811574,3,0.075499972613171
Resazurin_Exp30,P679_A,A1,P679,A1,µM,3,1.6,0.9664032562318656,0.03382647662466626,3,0.08402962623897446
Resazurin_Exp30,P679_A,A1,P679,A1,µM,4,3.1,0.9732385604485866,0.01101059706271832,3,0.027351839392385995
Resazurin_Exp30,P679_A,A1,P679,A1,µM,5,6.25,0.8159565933147707,0.04768446025911782,3,0.1184547659941345
Resazurin_Exp30,P679_A,A1,P679,A1,µM,6,12.5,0.09611134784392862,0.06618112137456776,3,0.1644030194124896
Resazurin_Exp30,P679_A,A1,P679,A1,µM,7,25,0.10457043116710293,0.17442282408273418,3,0.4332903150939137
Resazurin_Exp30,P679_A,A1,P679,A1,µM,8,50,0.0845064549260092,0.0917607097447362,3,0.22794623953387522
Resazurin_Exp30,P679_A,A2,P679,A2,µM,1,1e-4,0.9755616106675629,0.026559019495863728,3,0.06597626191678732
Resazurin_Exp30,P679_A,A2,P679,A2,µM,2,2e-4,0.27567938564296074,0.008060945521905937,3,0.020024498763331483
Resazurin_Exp30,P679_A,A2,P679,A2,µM,3,0.001,0.03312808564809175,0.017925004811775273,3,0.04452818043623708
Resazurin_Exp30,P679_A,A2,P679,A2,µM,4,0.004,0.3752752595384858,0.008810880234465126,3,0.021887439864150413
Resazurin_Exp30,P679_A,A2,P679,A2,µM,5,0.016,0.4197002890714503,0.004749074707459472,3,0.01179735557671974
Resazurin_Exp30,P679_A,A2,P679,A2,µM,6,0.063,0.3309959328831585,0.00609300192769197,3,0.015135855866347081
Resazurin_Exp30,P679_A,A2,P679,A2,µM,7,0.25,0.24963669874205727,0.005234561541527455,3,0.013003371729786294
Resazurin_Exp30,P679_A,A2,P679,A2,µM,8,1,0.07740886896802925,0.07245332372883422,3,0.17998403381645214
Resazurin_Exp30,P679_A,A3,P679,A3,µM,1,0.025,0.8737541397257121,0.04317131853502915,3,0.10724350043885193
Resazurin_Exp30,P679_A,A3,P679,A3,µM,2,0.05,0.9206398117815627,0.02042613659051631,3,0.050741336209864873
Resazurin_Exp30,P679_A,A3,P679,A3,µM,3,0.2,0.9754661566593955,0.03210469380002749,3,0.0797524805928453
Resazurin_Exp30,P679_A,A3,P679,A3,µM,4,0.8,0.9252706604924389,0.02062543133995869,3,0.05123641181270852
Resazurin_Exp30,P679_A,A3,P679,A3,µM,5,3.125,0.4425873205293786,0.09113363847478702,3,0.22638850814423928
Resazurin_Exp30,P679_A,A3,P679,A3,µM,6,12.5,0.03969710937087078,0.06730178717861915,3,0.1671869075986027
Resazurin_Exp30,P679_A,A3,P679,A3,µM,7,50,0.12852471960316142,0.21252558758166723,3,0.5279428268235172
Resazurin_Exp30,P679_A,A3,P679,A3,µM,8,200,0.1929861787163918,0.18772060462303028,3,0.4663238332166429
Resazurin_Exp30,P679_A,A4,P679,A4,µM,1,5e-5,0.7840528642222386,0.0058568529297741145,3,0.014549229235027284
Resazurin_Exp30,P679_A,A4,P679,A4,µM,2,1e-4,0.8130291400493197,0.020622575069494976,3,0.05122931644353466
Resazurin_Exp30,P679_A,A4,P679,A4,µM,3,4e-4,0.8308866376297236,0.045167293010980956,3,0.11220177590625491
Resazurin_Exp30,P679_A,A4,P679,A4,µM,4,0.002,0.844740428090002,0.04465120479715072,3,0.11091974171168936
Resazurin_Exp30,P679_A,A4,P679,A4,µM,5,0.006,0.9603760695481547,0.03628291968891575,3,0.09013176909164416
Resazurin_Exp30,P679_A,A4,P679,A4,µM,6,0.025,0.4152811048263097,0.13583203009857997,3,0.3374254684314884
Resazurin_Exp30,P679_A,A4,P679,A4,µM,7,0.1,0.027850569547502736,0.0027136984823038393,3,0.006741200738210603
Resazurin_Exp30,P679_A,A4,P679,A4,µM,8,0.4,0.0033507095321669285,0.004056152425444951,3,0.010076041204655372
Resazurin_Exp30,P679_B,B1,P679,B1,µM,1,8.000000000000001e-6,0.968613775095705,0.028913328160247317,3,0.07182468885508315
Resazurin_Exp30,P679_B,B1,P679,B1,µM,2,1.6000000000000003e-5,0.5096745142921841,0.09672171805361324,3,0.24027006736226336
Resazurin_Exp30,P679_B,B1,P679,B1,µM,3,3.1e-5,0.1361764384430129,0.03837713319098993,3,0.09533408382860337
Resazurin_Exp30,P679_B,B1,P679,B1,µM,4,6.3e-5,0.05873282322393907,0.0199404023023175,3,0.04953470534666001
Resazurin_Exp30,P679_B,B1,P679,B1,µM,5,1.25e-4,0.017429867782374053,0.028228078230660605,3,0.07012243366302254
Resazurin_Exp30,P679_B,B1,P679,B1,µM,6,2.5e-4,0.026428398628093864,0.013115637255004472,3,0.03258104911879419
Resazurin_Exp30,P679_B,B1,P679,B1,µM,7,5e-4,0.007995031254780304,0.0038057710702299563,3,0.009454059437846649
Resazurin_Exp30,P679_B,B1,P679,B1,µM,8,0.001,0.009078614689296428,0.004365011672422305,3,0.010843290107694626
Resazurin_Exp30,P679_B,B2,P679,B2,µM,1,8.000000000000001e-6,0.9377465825184723,0.016784777166421943,3,0.04169569794243459
Resazurin_Exp30,P679_B,B2,P679,B2,µM,2,1.6000000000000003e-5,1,0,3,0
Resazurin_Exp30,P679_B,B2,P679,B2,µM,3,3.1e-5,0.9257270164671925,0.023716768764078598,3,0.058915719687709915
Resazurin_Exp30,P679_B,B2,P679,B2,µM,4,6.3e-5,0.9183631279657406,0.07878614145563785,3,0.19571562515324603
Resazurin_Exp30,P679_B,B2,P679,B2,µM,5,1.25e-4,0.8463812447880735,0.05819441487387403,3,0.1445629406014348
Resazurin_Exp30,P679_B,B2,P679,B2,µM,6,2.5e-4,0.7610965415081029,0.02473966991119941,3,0.06145674700266539
Resazurin_Exp30,P679_B,B2,P679,B2,µM,7,5e-4,0.8218728067571985,0.07191069797806857,3,0.17863607672560833
Resazurin_Exp30,P679_B,B2,P679,B2,µM,8,0.001,0.7633732455492004,0.014301177852052786,3,0.035526095224732906
Resazurin_Exp30,P679_B,B3,P679,B3,µM,1,8.000000000000001e-6,0.9748256256109634,0.02294439288837595,3,0.05699703164723078
Resazurin_Exp30,P679_B,B3,P679,B3,µM,2,1.6000000000000003e-5,0.8633196474538891,0.023734375217204156,3,0.05895945654188928
Resazurin_Exp30,P679_B,B3,P679,B3,µM,3,3.1e-5,0.8353988308501813,0.053531670481543094,3,0.13298004141619316
Resazurin_Exp30,P679_B,B3,P679,B3,µM,4,6.3e-5,0.6501733137854795,0.06522473096019818,3,0.16202721391699762
Resazurin_Exp30,P679_B,B3,P679,B3,µM,5,1.25e-4,0.16530995003924606,0.01660985483848143,3,0.041261166790970416
Resazurin_Exp30,P679_B,B3,P679,B3,µM,6,2.5e-4,0.0699737848572011,0.020345676170991346,3,0.05054146144741966
Resazurin_Exp30,P679_B,B3,P679,B3,µM,7,5e-4,0.02025432752301214,0.017974710373624133,3,0.04465165589690958
Resazurin_Exp30,P679_B,B3,P679,B3,µM,8,0.001,0.01946151706053391,0.013796009022148156,3,0.034271186283566034
Resazurin_Exp30,P679_B,B4,P679,B4,µM,1,8.000000000000001e-6,0.9739494182161526,0.039209426895241026,3,0.0974016160065859
Resazurin_Exp30,P679_B,B4,P679,B4,µM,2,1.6000000000000003e-5,0.8664425481100937,0.096979464446318,3,0.24091034489644889
Resazurin_Exp30,P679_B,B4,P679,B4,µM,3,3.1e-5,0.956177386800852,0.03924890555972226,3,0.09749968644583328
Resazurin_Exp30,P679_B,B4,P679,B4,µM,4,6.3e-5,0.8424721634362543,0.047934831262832704,3,0.11907672204639141
Resazurin_Exp30,P679_B,B4,P679,B4,µM,5,1.25e-4,0.7673071893440081,0.07110927927612622,3,0.17664524230521136
Resazurin_Exp30,P679_B,B4,P679,B4,µM,6,2.5e-4,0.6758997602366106,0.028142414495976962,3,0.06990963314916553
Resazurin_Exp30,P679_B,B4,P679,B4,µM,7,5e-4,0.5850696716058789,0.03882452896464265,3,0.0964454765420118
Resazurin_Exp30,P679_B,B4,P679,B4,µM,8,0.001,0.48977094386869174,0.0278626073761613,3,0.0692145537308152
Resazurin_Exp30,P679cse_A,A1,P679cse,A1,µM,1,0.4,0.642365892161488,0.010795478868787381,3,0.026817456174358528
Resazurin_Exp30,P679cse_A,A1,P679cse,A1,µM,2,0.8,0.7990833205849651,0.08793068116757921,3,0.21843192110827805
Resazurin_Exp30,P679cse_A,A1,P679cse,A1,µM,3,1.6,0.8819231382123581,0.07497191363326959,3,0.18624055797849368
Resazurin_Exp30,P679cse_A,A1,P679cse,A1,µM,4,3.1,0.976800878441236,0.023145672830713532,3,0.057497038742610494
Resazurin_Exp30,P679cse_A,A1,P679cse,A1,µM,5,6.25,0.7219384073640038,0.03623031644747673,3,0.09000109539582518
Resazurin_Exp30,P679cse_A,A1,P679cse,A1,µM,6,12.5,0.02892535024472417,0.03224013858071481,3,0.08008894408041042
Resazurin_Exp30,P679cse_A,A1,P679cse,A1,µM,7,25,0.06772150930628912,0.10934003624731455,3,0.2716157074461021
Resazurin_Exp30,P679cse_A,A1,P679cse,A1,µM,8,50,0.055871453230288144,0.018713109815932695,3,0.046485941797883686
Resazurin_Exp30,P679cse_A,A2,P679cse,A2,µM,1,1e-4,0.9930694386709471,0.006120863408616978,3,0.015205067621818105
Resazurin_Exp30,P679cse_A,A2,P679cse,A2,µM,2,2e-4,0.25698534882321383,0.004547119103199346,3,0.011295670044077838
Resazurin_Exp30,P679cse_A,A2,P679cse,A2,µM,3,0.001,0.010419114127516534,0.011498256336248996,3,0.028563252184248315
Resazurin_Exp30,P679cse_A,A2,P679cse,A2,µM,4,0.004,0.36620301190969673,0.0019374655645350482,3,0.004812931274079156
Resazurin_Exp30,P679cse_A,A2,P679cse,A2,µM,5,0.016,0.4204788754127524,0.0081996450943190545,3,0.020369047601766554
Resazurin_Exp30,P679cse_A,A2,P679cse,A2,µM,6,0.063,0.31846728203565516,0.0044002383572290275,3,0.010930798043882946
Resazurin_Exp30,P679cse_A,A2,P679cse,A2,µM,7,0.25,0.27911042729581304,0.0032584473913712664,3,0.00809443204665985
Resazurin_Exp30,P679cse_A,A2,P679cse,A2,µM,8,1,0.13071340605122125,0.08576826249723804,3,0.21306017534069055
Resazurin_Exp30,P679cse_A,A3,P679cse,A3,µM,1,0.025,0.8413602459390904,0.03169886499606106,3,0.07874434595639775
Resazurin_Exp30,P679cse_A,A3,P679cse,A3,µM,2,0.05,0.890320283204949,0.0264006842639364,3,0.06558293539605792
Resazurin_Exp30,P679cse_A,A3,P679cse,A3,µM,3,0.2,0.9376299685366717,0.002398052206234694,3,0.0059570919202536834
Resazurin_Exp30,P679cse_A,A3,P679cse,A3,µM,4,0.8,0.9949637993725857,0.004569590442339348,3,0.011351491945069049
Resazurin_Exp30,P679cse_A,A3,P679cse,A3,µM,5,3.125,0.43549928243909297,0.0845277568709221,3,0.20997858853272067
Resazurin_Exp30,P679cse_A,A3,P679cse,A3,µM,6,12.5,0.03242197059593458,0.05524049364005495,3,0.13722499346696476
Resazurin_Exp30,P679cse_A,A3,P679cse,A3,µM,7,50,0.13157959200631122,0.1866082985117824,3,0.4635607116586817
Resazurin_Exp30,P679cse_A,A3,P679cse,A3,µM,8,200,0.1961856749725759,0.16239512784980498,3,0.40341186129621687
Resazurin_Exp30,P679cse_A,A4,P679cse,A4,µM,1,5e-5,0.8684459813150527,0.03104814178112302,3,0.07712785987825876
Resazurin_Exp30,P679cse_A,A4,P679cse,A4,µM,2,1e-4,0.8542857740750758,0.026321907147932807,3,0.06538724219137046
Resazurin_Exp30,P679cse_A,A4,P679cse,A4,µM,3,4e-4,0.8965314148653183,0.009124383720478857,3,0.02266622569652231
Resazurin_Exp30,P679cse_A,A4,P679cse,A4,µM,4,0.002,0.883626631284182,0.051910721564584934,3,0.12895338108275653
Resazurin_Exp30,P679cse_A,A4,P679cse,A4,µM,5,0.006,0.9628572355634244,0.032176998156363254,3,0.07993209457114281
Resazurin_Exp30,P679cse_A,A4,P679cse,A4,µM,6,0.025,0.5897392782208617,0.13146877528847362,3,0.32658654261172715
Resazurin_Exp30,P679cse_A,A4,P679cse,A4,µM,7,0.1,0.02774125874892321,0.005240130867467911,3,0.013017206702384007
Resazurin_Exp30,P679cse_A,A4,P679cse,A4,µM,8,0.4,0.005476337746636631,0.006498295095837603,3,0.016142659909652416
Resazurin_Exp30,P679cse_B,B1,P679cse,B1,µM,1,8.000000000000001e-6,0.9822572358080259,0.016414392397174786,3,0.04077561116928979
Resazurin_Exp30,P679cse_B,B1,P679cse,B1,µM,2,1.6000000000000003e-5,0.7421108256137086,0.0882968231538472,3,0.21934146822422151
Resazurin_Exp30,P679cse_B,B1,P679cse,B1,µM,3,3.1e-5,0.4236306829537415,0.10223276025963068,3,0.25396025513727905
Resazurin_Exp30,P679cse_B,B1,P679cse,B1,µM,4,6.3e-5,0.3125478086053753,0.07379932716461264,3,0.18332769171141483
Resazurin_Exp30,P679cse_B,B1,P679cse,B1,µM,5,1.25e-4,0.12304112617427185,0.06021668370931156,3,0.1495865348788426
Resazurin_Exp30,P679cse_B,B1,P679cse,B1,µM,6,2.5e-4,0.042613918055126036,0.017822133401615523,3,0.04427263368679831
Resazurin_Exp30,P679cse_B,B1,P679cse,B1,µM,7,5e-4,0.02407804820066989,0.024687969278605264,3,0.06132831551151693
Resazurin_Exp30,P679cse_B,B1,P679cse,B1,µM,8,0.001,0.03587509940905371,0.015660371212549113,3,0.038902518709102496
Resazurin_Exp30,P679cse_B,B2,P679cse,B2,µM,1,8.000000000000001e-6,0.9196567455201482,0.017220875311342206,3,0.04277902579025538
Resazurin_Exp30,P679cse_B,B2,P679cse,B2,µM,2,1.6000000000000003e-5,1,0,3,0
Resazurin_Exp30,P679cse_B,B2,P679cse,B2,µM,3,3.1e-5,1,0,3,0
Resazurin_Exp30,P679cse_B,B2,P679cse,B2,µM,4,6.3e-5,1,0,3,0
Resazurin_Exp30,P679cse_B,B2,P679cse,B2,µM,5,1.25e-4,1,0,3,0
Resazurin_Exp30,P679cse_B,B2,P679cse,B2,µM,6,2.5e-4,1,0,3,0
Resazurin_Exp30,P679cse_B,B2,P679cse,B2,µM,7,5e-4,1,0,3,0
Resazurin_Exp30,P679cse_B,B2,P679cse,B2,µM,8,0.001,1,0,3,0
Resazurin_Exp30,P679cse_B,B3,P679cse,B3,µM,1,8.000000000000001e-6,0.9800824253985876,0.018927811902112606,3,0.04701929134695467
Resazurin_Exp30,P679cse_B,B3,P679cse,B3,µM,2,1.6000000000000003e-5,0.9281335168704433,0.03571587432329663,3,0.08872315031463644
Resazurin_Exp30,P679cse_B,B3,P679cse,B3,µM,3,3.1e-5,0.7373969475522236,0.027865210222929846,3,0.06922101956063086
Resazurin_Exp30,P679cse_B,B3,P679cse,B3,µM,4,6.3e-5,0.37835946954350475,0.006091129667629872,3,0.01513120491452062
Resazurin_Exp30,P679cse_B,B3,P679cse,B3,µM,5,1.25e-4,0.16163896821364293,0.01977728213061377,3,0.04912949237658359
Resazurin_Exp30,P679cse_B,B3,P679cse,B3,µM,6,2.5e-4,0.04029353394589179,0.021900059726596487,3,0.05440276425642295
Resazurin_Exp30,P679cse_B,B3,P679cse,B3,µM,7,5e-4,0.011579482135168129,0.01615946471125396,3,0.040142335690924624
Resazurin_Exp30,P679cse_B,B3,P679cse,B3,µM,8,0.001,0.006663032707988731,0.008802597506682016,3,0.021866864427708226
Resazurin_Exp30,P679cse_B,B4,P679cse,B4,µM,1,8.000000000000001e-6,0.9821203877589639,0.017742026849487013,3,0.044073637979697586
Resazurin_Exp30,P679cse_B,B4,P679cse,B4,µM,2,1.6000000000000003e-5,1,0,3,0
Resazurin_Exp30,P679cse_B,B4,P679cse,B4,µM,3,3.1e-5,1,0,3,0
Resazurin_Exp30,P679cse_B,B4,P679cse,B4,µM,4,6.3e-5,0.9607301332581876,0.05275010321045166,3,0.13103852068380512
Resazurin_Exp30,P679cse_B,B4,P679cse,B4,µM,5,1.25e-4,0.8583565775973317,0.0404573862137377,3,0.10050171881239373
Resazurin_Exp30,P679cse_B,B4,P679cse,B4,µM,6,2.5e-4,0.687682180189175,0.026419528887531046,3,0.06562974803619312
Resazurin_Exp30,P679cse_B,B4,P679cse,B4,µM,7,5e-4,0.6260394384931353,0.08902601345565886,3,0.2211528773519945
Resazurin_Exp30,P679cse_B,B4,P679cse,B4,µM,8,0.001,0.4188696528195365,0.007372577212304159,3,0.018314497085875882
